Strategy,Input,Profit,Architecture,Original,Predicted
Bollinger bands,raw,binary,small,1.6802,26.8735
Bollinger bands,raw,raw,small,1.6802,26.3225
Bollinger bands,raw,normalized,small,1.6802,0.87
Bollinger bands,relative,binary,small,1.6802,38.8744
Bollinger bands,relative,raw,small,1.6802,27.9735
Bollinger bands,relative,normalized,small,1.6802,0.9691
Bollinger bands,raw,binary,medium,1.6802,-0.8801
Bollinger bands,raw,raw,medium,1.6802,-6.5949
Bollinger bands,raw,normalized,medium,1.6802,0.0
Bollinger bands,relative,binary,medium,1.6802,18.3954
Bollinger bands,relative,raw,medium,1.6802,43.6579
Bollinger bands,relative,normalized,medium,1.6802,1.5649
Bollinger bands,raw,binary,large,1.6802,1.9719
Bollinger bands,raw,raw,large,1.6802,-9.6745
Bollinger bands,raw,normalized,large,1.6802,0.0
Bollinger bands,relative,binary,large,1.6802,26.8325
Bollinger bands,relative,raw,large,1.6802,47.5187
Bollinger bands,relative,normalized,large,1.6802,2.1728
Bollinger bands,raw,binary,biggest,1.6802,-2.3583
Bollinger bands,raw,raw,biggest,1.6802,-7.862
Bollinger bands,raw,normalized,biggest,1.6802,0.0
Bollinger bands,relative,binary,biggest,1.6802,23.3279
Bollinger bands,relative,raw,biggest,1.6802,0.2746
Bollinger bands,relative,normalized,biggest,1.6802,0.9302
Bollinger bands,technical,raw,small,27.8286,42.2154
Bollinger bands,technical_v2,raw,small,27.8286,10.9488
Bollinger bands,technical,raw,medium,27.8286,28.7599
Bollinger bands,technical_v2,raw,medium,27.8286,16.2229
Bollinger bands,technical,raw,large,27.8286,24.5713
Bollinger bands,technical_v2,raw,large,27.8286,10.2426
Bollinger bands,technical,raw,biggest,27.8286,22.5682
Bollinger bands,technical_v2,raw,biggest,27.8286,45.497
"MACD,Bollinger bands",raw,binary,small,23.7413,-0.4436
"MACD,Bollinger bands",raw,raw,small,23.7413,15.1882
"MACD,Bollinger bands",raw,normalized,small,23.7413,0.0
"MACD,Bollinger bands",relative,binary,small,23.7413,6.6953
"MACD,Bollinger bands",relative,raw,small,23.7413,27.3281
"MACD,Bollinger bands",relative,normalized,small,23.7413,0.0103
"MACD,Bollinger bands",raw,binary,medium,23.7413,0.0
"MACD,Bollinger bands",raw,raw,medium,23.7413,24.3938
"MACD,Bollinger bands",raw,normalized,medium,23.7413,0.0
"MACD,Bollinger bands",relative,binary,medium,23.7413,-0.5152
"MACD,Bollinger bands",relative,raw,medium,23.7413,8.6412
"MACD,Bollinger bands",relative,normalized,medium,23.7413,3.5655
"MACD,Bollinger bands",raw,binary,large,23.7413,0.0
"MACD,Bollinger bands",raw,raw,large,23.7413,7.8089
"MACD,Bollinger bands",raw,normalized,large,23.7413,0.0
"MACD,Bollinger bands",relative,binary,large,23.7413,-1.0007
"MACD,Bollinger bands",relative,raw,large,23.7413,15.5354
"MACD,Bollinger bands",relative,normalized,large,23.7413,-1.4231
"MACD,Bollinger bands",raw,binary,biggest,23.7413,0.0
"MACD,Bollinger bands",raw,raw,biggest,23.7413,11.7125
"MACD,Bollinger bands",raw,normalized,biggest,23.7413,0.0
"MACD,Bollinger bands",relative,binary,biggest,23.7413,0.9849
"MACD,Bollinger bands",relative,raw,biggest,23.7413,7.1811
"MACD,Bollinger bands",relative,normalized,biggest,23.7413,-0.4877
"MACD,Bollinger bands",technical,raw,small,36.0663,30.8392
"MACD,Bollinger bands",technical_v2,raw,small,36.0663,31.0081
"MACD,Bollinger bands",technical,raw,medium,36.0663,27.6779
"MACD,Bollinger bands",technical_v2,raw,medium,36.0663,30.0364
"MACD,Bollinger bands",technical,raw,large,36.0663,28.6018
"MACD,Bollinger bands",technical_v2,raw,large,36.0663,23.994
"MACD,Bollinger bands",technical,raw,biggest,36.0663,16.8836
"MACD,Bollinger bands",technical_v2,raw,biggest,36.0663,34.7592
"MACD,Stochastic,Bollinger bands",raw,binary,small,20.2303,0.8714
"MACD,Stochastic,Bollinger bands",raw,raw,small,20.2303,16.0423
"MACD,Stochastic,Bollinger bands",raw,normalized,small,20.2303,7.1641
"MACD,Stochastic,Bollinger bands",relative,binary,small,20.2303,6.8922
"MACD,Stochastic,Bollinger bands",relative,raw,small,20.2303,20.2643
"MACD,Stochastic,Bollinger bands",relative,normalized,small,20.2303,1.8335
"MACD,Stochastic,Bollinger bands",raw,binary,medium,20.2303,0.0
"MACD,Stochastic,Bollinger bands",raw,raw,medium,20.2303,17.4238
"MACD,Stochastic,Bollinger bands",raw,normalized,medium,20.2303,0.0
"MACD,Stochastic,Bollinger bands",relative,binary,medium,20.2303,4.0941
"MACD,Stochastic,Bollinger bands",relative,raw,medium,20.2303,24.4226
"MACD,Stochastic,Bollinger bands",relative,normalized,medium,20.2303,-0.3712
"MACD,Stochastic,Bollinger bands",raw,binary,large,20.2303,0.0
"MACD,Stochastic,Bollinger bands",raw,raw,large,20.2303,15.6248
"MACD,Stochastic,Bollinger bands",raw,normalized,large,20.2303,2.3609
"MACD,Stochastic,Bollinger bands",relative,binary,large,20.2303,-0.0763
"MACD,Stochastic,Bollinger bands",relative,raw,large,20.2303,6.0401
"MACD,Stochastic,Bollinger bands",relative,normalized,large,20.2303,3.151
"MACD,Stochastic,Bollinger bands",raw,binary,biggest,20.2303,0.0
"MACD,Stochastic,Bollinger bands",raw,raw,biggest,20.2303,12.883
"MACD,Stochastic,Bollinger bands",raw,normalized,biggest,20.2303,0.0
"MACD,Stochastic,Bollinger bands",relative,binary,biggest,20.2303,4.3637
"MACD,Stochastic,Bollinger bands",relative,raw,biggest,20.2303,14.2708
"MACD,Stochastic,Bollinger bands",relative,normalized,biggest,20.2303,-0.3306
"MACD,Stochastic,Bollinger bands",technical,raw,small,22.0578,17.1356
"MACD,Stochastic,Bollinger bands",technical_v2,raw,small,22.0578,28.2991
"MACD,Stochastic,Bollinger bands",technical,raw,medium,22.0578,7.8271
"MACD,Stochastic,Bollinger bands",technical_v2,raw,medium,22.0578,-0.7935
"MACD,Stochastic,Bollinger bands",technical,raw,large,22.0578,11.0661
"MACD,Stochastic,Bollinger bands",technical_v2,raw,large,22.0578,9.4902
"MACD,Stochastic,Bollinger bands",technical,raw,biggest,22.0578,10.2301
"MACD,Stochastic,Bollinger bands",technical_v2,raw,biggest,22.0578,18.5778
"MACD,Stochastic",raw,binary,small,30.9065,10.9359
"MACD,Stochastic",raw,raw,small,30.9065,14.6063
"MACD,Stochastic",raw,normalized,small,30.9065,2.3201
"MACD,Stochastic",relative,binary,small,30.9065,8.4256
"MACD,Stochastic",relative,raw,small,30.9065,12.8284
"MACD,Stochastic",relative,normalized,small,30.9065,1.6485
"MACD,Stochastic",raw,binary,medium,30.9065,0.0
"MACD,Stochastic",raw,raw,medium,30.9065,29.8693
"MACD,Stochastic",raw,normalized,medium,30.9065,0.0
"MACD,Stochastic",relative,binary,medium,30.9065,0.5686
"MACD,Stochastic",relative,raw,medium,30.9065,32.7299
"MACD,Stochastic",relative,normalized,medium,30.9065,2.8052
"MACD,Stochastic",raw,binary,large,30.9065,0.0
"MACD,Stochastic",raw,raw,large,30.9065,30.0927
"MACD,Stochastic",raw,normalized,large,30.9065,0.0
"MACD,Stochastic",relative,binary,large,30.9065,1.1654
"MACD,Stochastic",relative,raw,large,30.9065,15.9734
"MACD,Stochastic",relative,normalized,large,30.9065,0.0656
"MACD,Stochastic",raw,binary,biggest,30.9065,0.0
"MACD,Stochastic",raw,raw,biggest,30.9065,23.299
"MACD,Stochastic",raw,normalized,biggest,30.9065,0.0
"MACD,Stochastic",relative,binary,biggest,30.9065,0.0
"MACD,Stochastic",relative,raw,biggest,30.9065,16.2632
"MACD,Stochastic",relative,normalized,biggest,30.9065,1.1356
"MACD,Stochastic",technical,raw,small,17.7924,8.2823
"MACD,Stochastic",technical_v2,raw,small,17.7924,12.4324
"MACD,Stochastic",technical,raw,medium,17.7924,16.1145
"MACD,Stochastic",technical_v2,raw,medium,17.7924,23.3764
"MACD,Stochastic",technical,raw,large,17.7924,18.983
"MACD,Stochastic",technical_v2,raw,large,17.7924,18.0901
"MACD,Stochastic",technical,raw,biggest,17.7924,22.3732
"MACD,Stochastic",technical_v2,raw,biggest,17.7924,21.652
MACD,raw,binary,small,25.4973,-1.3953
MACD,raw,raw,small,25.4973,19.6053
MACD,raw,normalized,small,25.4973,-1.5599
MACD,relative,binary,small,25.4973,-3.4763
MACD,relative,raw,small,25.4973,15.3796
MACD,relative,normalized,small,25.4973,-1.1176
MACD,raw,binary,medium,25.4973,0.0
MACD,raw,raw,medium,25.4973,24.2956
MACD,raw,normalized,medium,25.4973,0.6255
MACD,relative,binary,medium,25.4973,-1.9977
MACD,relative,raw,medium,25.4973,14.1523
MACD,relative,normalized,medium,25.4973,0.594
MACD,raw,binary,large,25.4973,0.0
MACD,raw,raw,large,25.4973,16.3822
MACD,raw,normalized,large,25.4973,0.0
MACD,relative,binary,large,25.4973,-3.2813
MACD,relative,raw,large,25.4973,9.8229
MACD,relative,normalized,large,25.4973,-2.2158
MACD,raw,binary,biggest,25.4973,0.0
MACD,raw,raw,biggest,25.4973,18.7832
MACD,raw,normalized,biggest,25.4973,-0.5104
MACD,relative,binary,biggest,25.4973,-1.7871
MACD,relative,raw,biggest,25.4973,11.4661
MACD,relative,normalized,biggest,25.4973,-2.472
MACD,technical,raw,small,37.0255,17.8035
MACD,technical_v2,raw,small,37.0255,25.7001
MACD,technical,raw,medium,37.0255,22.8439
MACD,technical_v2,raw,medium,37.0255,18.3238
MACD,technical,raw,large,37.0255,18.3637
MACD,technical_v2,raw,large,37.0255,17.0747
MACD,technical,raw,biggest,37.0255,33.4812
MACD,technical_v2,raw,biggest,37.0255,20.9037
"Moving Average,Bollinger bands",raw,binary,small,12.6932,-0.6731
"Moving Average,Bollinger bands",raw,raw,small,12.6932,-0.125
"Moving Average,Bollinger bands",raw,normalized,small,12.6932,0.0
"Moving Average,Bollinger bands",relative,binary,small,12.6932,5.6562
"Moving Average,Bollinger bands",relative,raw,small,12.6932,3.7868
"Moving Average,Bollinger bands",relative,normalized,small,12.6932,6.8679
"Moving Average,Bollinger bands",raw,binary,medium,12.6932,0.0
"Moving Average,Bollinger bands",raw,raw,medium,12.6932,4.6978
"Moving Average,Bollinger bands",raw,normalized,medium,12.6932,0.0
"Moving Average,Bollinger bands",relative,binary,medium,12.6932,-0.3836
"Moving Average,Bollinger bands",relative,raw,medium,12.6932,17.873
"Moving Average,Bollinger bands",relative,normalized,medium,12.6932,5.5266
"Moving Average,Bollinger bands",raw,binary,large,12.6932,0.0
"Moving Average,Bollinger bands",raw,raw,large,12.6932,1.9775
"Moving Average,Bollinger bands",raw,normalized,large,12.6932,0.0
"Moving Average,Bollinger bands",relative,binary,large,12.6932,2.9412
"Moving Average,Bollinger bands",relative,raw,large,12.6932,-2.0139
"Moving Average,Bollinger bands",relative,normalized,large,12.6932,6.6581
"Moving Average,Bollinger bands",raw,binary,biggest,12.6932,0.0
"Moving Average,Bollinger bands",raw,raw,biggest,12.6932,14.8046
"Moving Average,Bollinger bands",raw,normalized,biggest,12.6932,0.0
"Moving Average,Bollinger bands",relative,binary,biggest,12.6932,7.8173
"Moving Average,Bollinger bands",relative,raw,biggest,12.6932,10.5588
"Moving Average,Bollinger bands",relative,normalized,biggest,12.6932,3.5852
"Moving Average,Bollinger bands",technical,raw,small,8.0826,3.2675
"Moving Average,Bollinger bands",technical_v2,raw,small,8.0826,10.4863
"Moving Average,Bollinger bands",technical,raw,medium,8.0826,8.6659
"Moving Average,Bollinger bands",technical_v2,raw,medium,8.0826,5.8136
"Moving Average,Bollinger bands",technical,raw,large,8.0826,5.1267
"Moving Average,Bollinger bands",technical_v2,raw,large,8.0826,11.6027
"Moving Average,Bollinger bands",technical,raw,biggest,8.0826,3.9554
"Moving Average,Bollinger bands",technical_v2,raw,biggest,8.0826,17.0497
"Moving Average,MACD,Bollinger bands",raw,binary,small,-8.3011,0.0
"Moving Average,MACD,Bollinger bands",raw,raw,small,-8.3011,-13.4615
"Moving Average,MACD,Bollinger bands",raw,normalized,small,-8.3011,-2.5393
"Moving Average,MACD,Bollinger bands",relative,binary,small,-8.3011,-15.5828
"Moving Average,MACD,Bollinger bands",relative,raw,small,-8.3011,3.4702
"Moving Average,MACD,Bollinger bands",relative,normalized,small,-8.3011,-11.3164
"Moving Average,MACD,Bollinger bands",raw,binary,medium,-8.3011,-5.0293
"Moving Average,MACD,Bollinger bands",raw,raw,medium,-8.3011,-6.5012
"Moving Average,MACD,Bollinger bands",raw,normalized,medium,-8.3011,0.0
"Moving Average,MACD,Bollinger bands",relative,binary,medium,-8.3011,-13.6213
"Moving Average,MACD,Bollinger bands",relative,raw,medium,-8.3011,0.8326
"Moving Average,MACD,Bollinger bands",relative,normalized,medium,-8.3011,-13.9257
"Moving Average,MACD,Bollinger bands",raw,binary,large,-8.3011,-7.4569
"Moving Average,MACD,Bollinger bands",raw,raw,large,-8.3011,-11.9607
"Moving Average,MACD,Bollinger bands",raw,normalized,large,-8.3011,-2.8927
"Moving Average,MACD,Bollinger bands",relative,binary,large,-8.3011,-8.7181
"Moving Average,MACD,Bollinger bands",relative,raw,large,-8.3011,-4.1177
"Moving Average,MACD,Bollinger bands",relative,normalized,large,-8.3011,18.8213
"Moving Average,MACD,Bollinger bands",raw,binary,biggest,-8.3011,-5.165
"Moving Average,MACD,Bollinger bands",raw,raw,biggest,-8.3011,-8.3011
"Moving Average,MACD,Bollinger bands",raw,normalized,biggest,-8.3011,0.0
"Moving Average,MACD,Bollinger bands",relative,binary,biggest,-8.3011,-11.3806
"Moving Average,MACD,Bollinger bands",relative,raw,biggest,-8.3011,-9.0425
"Moving Average,MACD,Bollinger bands",relative,normalized,biggest,-8.3011,-2.2915
"Moving Average,MACD,Bollinger bands",technical,raw,small,8.867,4.9966
"Moving Average,MACD,Bollinger bands",technical_v2,raw,small,8.867,9.5802
"Moving Average,MACD,Bollinger bands",technical,raw,medium,8.867,1.254
"Moving Average,MACD,Bollinger bands",technical_v2,raw,medium,8.867,1.5782
"Moving Average,MACD,Bollinger bands",technical,raw,large,8.867,9.7326
"Moving Average,MACD,Bollinger bands",technical_v2,raw,large,8.867,9.2368
"Moving Average,MACD,Bollinger bands",technical,raw,biggest,8.867,-1.134
"Moving Average,MACD,Bollinger bands",technical_v2,raw,biggest,8.867,9.4118
"Moving Average,MACD,Stochastic,Bollinger bands",raw,binary,small,14.5203,-12.5885
"Moving Average,MACD,Stochastic,Bollinger bands",raw,raw,small,14.5203,3.334
"Moving Average,MACD,Stochastic,Bollinger bands",raw,normalized,small,14.5203,-0.9973
"Moving Average,MACD,Stochastic,Bollinger bands",relative,binary,small,14.5203,-3.8902
"Moving Average,MACD,Stochastic,Bollinger bands",relative,raw,small,14.5203,13.5224
"Moving Average,MACD,Stochastic,Bollinger bands",relative,normalized,small,14.5203,-5.3169
"Moving Average,MACD,Stochastic,Bollinger bands",raw,binary,medium,14.5203,-2.4972
"Moving Average,MACD,Stochastic,Bollinger bands",raw,raw,medium,14.5203,-0.0626
"Moving Average,MACD,Stochastic,Bollinger bands",raw,normalized,medium,14.5203,0.0
"Moving Average,MACD,Stochastic,Bollinger bands",relative,binary,medium,14.5203,-3.2985
"Moving Average,MACD,Stochastic,Bollinger bands",relative,raw,medium,14.5203,1.2323
"Moving Average,MACD,Stochastic,Bollinger bands",relative,normalized,medium,14.5203,4.0238
"Moving Average,MACD,Stochastic,Bollinger bands",raw,binary,large,14.5203,0.0
"Moving Average,MACD,Stochastic,Bollinger bands",raw,raw,large,14.5203,16.53
"Moving Average,MACD,Stochastic,Bollinger bands",raw,normalized,large,14.5203,0.0
"Moving Average,MACD,Stochastic,Bollinger bands",relative,binary,large,14.5203,-4.7755
"Moving Average,MACD,Stochastic,Bollinger bands",relative,raw,large,14.5203,16.1533
"Moving Average,MACD,Stochastic,Bollinger bands",relative,normalized,large,14.5203,-0.949
"Moving Average,MACD,Stochastic,Bollinger bands",raw,binary,biggest,14.5203,0.0
"Moving Average,MACD,Stochastic,Bollinger bands",raw,raw,biggest,14.5203,-12.6619
"Moving Average,MACD,Stochastic,Bollinger bands",raw,normalized,biggest,14.5203,-2.4972
"Moving Average,MACD,Stochastic,Bollinger bands",relative,binary,biggest,14.5203,-1.7288
"Moving Average,MACD,Stochastic,Bollinger bands",relative,raw,biggest,14.5203,7.4355
"Moving Average,MACD,Stochastic,Bollinger bands",relative,normalized,biggest,14.5203,-1.7272
"Moving Average,MACD,Stochastic,Bollinger bands",technical,raw,small,10.546,8.5645
"Moving Average,MACD,Stochastic,Bollinger bands",technical_v2,raw,small,10.546,7.396
"Moving Average,MACD,Stochastic,Bollinger bands",technical,raw,medium,10.546,7.4986
"Moving Average,MACD,Stochastic,Bollinger bands",technical_v2,raw,medium,10.546,4.1961
"Moving Average,MACD,Stochastic,Bollinger bands",technical,raw,large,10.546,0.5579
"Moving Average,MACD,Stochastic,Bollinger bands",technical_v2,raw,large,10.546,15.3891
"Moving Average,MACD,Stochastic,Bollinger bands",technical,raw,biggest,10.546,1.9659
"Moving Average,MACD,Stochastic,Bollinger bands",technical_v2,raw,biggest,10.546,9.4506
"Moving Average,MACD,Stochastic",raw,binary,small,14.3191,-7.2998
"Moving Average,MACD,Stochastic",raw,raw,small,14.3191,10.4194
"Moving Average,MACD,Stochastic",raw,normalized,small,14.3191,-2.6152
"Moving Average,MACD,Stochastic",relative,binary,small,14.3191,-4.0149
"Moving Average,MACD,Stochastic",relative,raw,small,14.3191,16.2988
"Moving Average,MACD,Stochastic",relative,normalized,small,14.3191,1.2805
"Moving Average,MACD,Stochastic",raw,binary,medium,14.3191,0.0
"Moving Average,MACD,Stochastic",raw,raw,medium,14.3191,-9.2446
"Moving Average,MACD,Stochastic",raw,normalized,medium,14.3191,-2.4972
"Moving Average,MACD,Stochastic",relative,binary,medium,14.3191,0.5836
"Moving Average,MACD,Stochastic",relative,raw,medium,14.3191,-3.3062
"Moving Average,MACD,Stochastic",relative,normalized,medium,14.3191,1.3904
"Moving Average,MACD,Stochastic",raw,binary,large,14.3191,-8.287
"Moving Average,MACD,Stochastic",raw,raw,large,14.3191,8.7602
"Moving Average,MACD,Stochastic",raw,normalized,large,14.3191,0.0
"Moving Average,MACD,Stochastic",relative,binary,large,14.3191,1.8366
"Moving Average,MACD,Stochastic",relative,raw,large,14.3191,7.5297
"Moving Average,MACD,Stochastic",relative,normalized,large,14.3191,3.1318
"Moving Average,MACD,Stochastic",raw,binary,biggest,14.3191,-6.629
"Moving Average,MACD,Stochastic",raw,raw,biggest,14.3191,11.2003
"Moving Average,MACD,Stochastic",raw,normalized,biggest,14.3191,0.0
"Moving Average,MACD,Stochastic",relative,binary,biggest,14.3191,-4.0589
"Moving Average,MACD,Stochastic",relative,raw,biggest,14.3191,15.7145
"Moving Average,MACD,Stochastic",relative,normalized,biggest,14.3191,1.3652
"Moving Average,MACD,Stochastic",technical,raw,small,10.5821,10.2842
"Moving Average,MACD,Stochastic",technical_v2,raw,small,10.5821,7.8397
"Moving Average,MACD,Stochastic",technical,raw,medium,10.5821,4.7194
"Moving Average,MACD,Stochastic",technical_v2,raw,medium,10.5821,5.0017
"Moving Average,MACD,Stochastic",technical,raw,large,10.5821,3.7004
"Moving Average,MACD,Stochastic",technical_v2,raw,large,10.5821,9.0238
"Moving Average,MACD,Stochastic",technical,raw,biggest,10.5821,6.3827
"Moving Average,MACD,Stochastic",technical_v2,raw,biggest,10.5821,3.6658
"Moving Average,MACD",raw,binary,small,-8.3627,-10.5281
"Moving Average,MACD",raw,raw,small,-8.3627,-17.8252
"Moving Average,MACD",raw,normalized,small,-8.3627,0.0
"Moving Average,MACD",relative,binary,small,-8.3627,-8.5596
"Moving Average,MACD",relative,raw,small,-8.3627,-6.6461
"Moving Average,MACD",relative,normalized,small,-8.3627,-8.2057
"Moving Average,MACD",raw,binary,medium,-8.3627,-7.4569
"Moving Average,MACD",raw,raw,medium,-8.3627,-5.1284
"Moving Average,MACD",raw,normalized,medium,-8.3627,0.0
"Moving Average,MACD",relative,binary,medium,-8.3627,-1.8426
"Moving Average,MACD",relative,raw,medium,-8.3627,-6.9504
"Moving Average,MACD",relative,normalized,medium,-8.3627,-4.0078
"Moving Average,MACD",raw,binary,large,-8.3627,-5.165
"Moving Average,MACD",raw,raw,large,-8.3627,-3.83
"Moving Average,MACD",raw,normalized,large,-8.3627,0.0
"Moving Average,MACD",relative,binary,large,-8.3627,-11.0103
"Moving Average,MACD",relative,raw,large,-8.3627,-18.4577
"Moving Average,MACD",relative,normalized,large,-8.3627,-13.4267
"Moving Average,MACD",raw,binary,biggest,-8.3627,-7.4569
"Moving Average,MACD",raw,raw,biggest,-8.3627,-7.6005
"Moving Average,MACD",raw,normalized,biggest,-8.3627,0.0
"Moving Average,MACD",relative,binary,biggest,-8.3627,0.1774
"Moving Average,MACD",relative,raw,biggest,-8.3627,-7.1006
"Moving Average,MACD",relative,normalized,biggest,-8.3627,-12.5218
"Moving Average,MACD",technical,raw,small,8.7038,-1.0715
"Moving Average,MACD",technical_v2,raw,small,8.7038,3.7601
"Moving Average,MACD",technical,raw,medium,8.7038,3.5754
"Moving Average,MACD",technical_v2,raw,medium,8.7038,0.6926
"Moving Average,MACD",technical,raw,large,8.7038,-0.5317
"Moving Average,MACD",technical_v2,raw,large,8.7038,8.6872
"Moving Average,MACD",technical,raw,biggest,8.7038,2.4285
"Moving Average,MACD",technical_v2,raw,biggest,8.7038,8.5974
"Moving Average,RSI,Bollinger bands",raw,binary,small,5.769,1.5308
"Moving Average,RSI,Bollinger bands",raw,raw,small,5.769,16.178
"Moving Average,RSI,Bollinger bands",raw,normalized,small,5.769,0.0
"Moving Average,RSI,Bollinger bands",relative,binary,small,5.769,-5.9619
"Moving Average,RSI,Bollinger bands",relative,raw,small,5.769,-1.0856
"Moving Average,RSI,Bollinger bands",relative,normalized,small,5.769,-1.712
"Moving Average,RSI,Bollinger bands",raw,binary,medium,5.769,4.6994
"Moving Average,RSI,Bollinger bands",raw,raw,medium,5.769,5.7025
"Moving Average,RSI,Bollinger bands",raw,normalized,medium,5.769,0.0
"Moving Average,RSI,Bollinger bands",relative,binary,medium,5.769,-0.5254
"Moving Average,RSI,Bollinger bands",relative,raw,medium,5.769,3.412
"Moving Average,RSI,Bollinger bands",relative,normalized,medium,5.769,-0.3845
"Moving Average,RSI,Bollinger bands",raw,binary,large,5.769,4.8959
"Moving Average,RSI,Bollinger bands",raw,raw,large,5.769,10.1279
"Moving Average,RSI,Bollinger bands",raw,normalized,large,5.769,0.0
"Moving Average,RSI,Bollinger bands",relative,binary,large,5.769,0.4204
"Moving Average,RSI,Bollinger bands",relative,raw,large,5.769,-1.2288
"Moving Average,RSI,Bollinger bands",relative,normalized,large,5.769,-2.0384
"Moving Average,RSI,Bollinger bands",raw,binary,biggest,5.769,-0.1836
"Moving Average,RSI,Bollinger bands",raw,raw,biggest,5.769,8.7077
"Moving Average,RSI,Bollinger bands",raw,normalized,biggest,5.769,0.0
"Moving Average,RSI,Bollinger bands",relative,binary,biggest,5.769,0.5898
"Moving Average,RSI,Bollinger bands",relative,raw,biggest,5.769,-4.572
"Moving Average,RSI,Bollinger bands",relative,normalized,biggest,5.769,-2.0283
"Moving Average,RSI,Bollinger bands",technical,raw,small,2.4398,-4.1021
"Moving Average,RSI,Bollinger bands",technical_v2,raw,small,2.4398,5.8343
"Moving Average,RSI,Bollinger bands",technical,raw,medium,2.4398,-2.1518
"Moving Average,RSI,Bollinger bands",technical_v2,raw,medium,2.4398,15.2531
"Moving Average,RSI,Bollinger bands",technical,raw,large,2.4398,3.9464
"Moving Average,RSI,Bollinger bands",technical_v2,raw,large,2.4398,1.378
"Moving Average,RSI,Bollinger bands",technical,raw,biggest,2.4398,-16.7971
"Moving Average,RSI,Bollinger bands",technical_v2,raw,biggest,2.4398,4.4618
"Moving Average,RSI,MACD,Bollinger bands",raw,binary,small,4.1304,-1.7783
"Moving Average,RSI,MACD,Bollinger bands",raw,raw,small,4.1304,1.2127
"Moving Average,RSI,MACD,Bollinger bands",raw,normalized,small,4.1304,0.0
"Moving Average,RSI,MACD,Bollinger bands",relative,binary,small,4.1304,0.0
"Moving Average,RSI,MACD,Bollinger bands",relative,raw,small,4.1304,0.0
"Moving Average,RSI,MACD,Bollinger bands",relative,normalized,small,4.1304,0.0
"Moving Average,RSI,MACD,Bollinger bands",raw,binary,medium,4.1304,4.1304
"Moving Average,RSI,MACD,Bollinger bands",raw,raw,medium,4.1304,0.7555
"Moving Average,RSI,MACD,Bollinger bands",raw,normalized,medium,4.1304,-1.5636
"Moving Average,RSI,MACD,Bollinger bands",relative,binary,medium,4.1304,0.0
"Moving Average,RSI,MACD,Bollinger bands",relative,raw,medium,4.1304,0.0
"Moving Average,RSI,MACD,Bollinger bands",relative,normalized,medium,4.1304,0.0
"Moving Average,RSI,MACD,Bollinger bands",raw,binary,large,4.1304,-4.6387
"Moving Average,RSI,MACD,Bollinger bands",raw,raw,large,4.1304,4.7169
"Moving Average,RSI,MACD,Bollinger bands",raw,normalized,large,4.1304,0.0
"Moving Average,RSI,MACD,Bollinger bands",relative,binary,large,4.1304,0.0
"Moving Average,RSI,MACD,Bollinger bands",relative,raw,large,4.1304,0.0
"Moving Average,RSI,MACD,Bollinger bands",relative,normalized,large,4.1304,4.1304
"Moving Average,RSI,MACD,Bollinger bands",raw,binary,biggest,4.1304,6.3135
"Moving Average,RSI,MACD,Bollinger bands",raw,raw,biggest,4.1304,0.0
"Moving Average,RSI,MACD,Bollinger bands",raw,normalized,biggest,4.1304,2.366
"Moving Average,RSI,MACD,Bollinger bands",relative,binary,biggest,4.1304,4.1304
"Moving Average,RSI,MACD,Bollinger bands",relative,raw,biggest,4.1304,0.0
"Moving Average,RSI,MACD,Bollinger bands",relative,normalized,biggest,4.1304,4.1304
"Moving Average,RSI,MACD,Bollinger bands",technical,raw,small,1.3738,10.5795
"Moving Average,RSI,MACD,Bollinger bands",technical_v2,raw,small,1.3738,11.0871
"Moving Average,RSI,MACD,Bollinger bands",technical,raw,medium,1.3738,10.6683
"Moving Average,RSI,MACD,Bollinger bands",technical_v2,raw,medium,1.3738,12.8052
"Moving Average,RSI,MACD,Bollinger bands",technical,raw,large,1.3738,2.3048
"Moving Average,RSI,MACD,Bollinger bands",technical_v2,raw,large,1.3738,13.2702
"Moving Average,RSI,MACD,Bollinger bands",technical,raw,biggest,1.3738,8.4852
"Moving Average,RSI,MACD,Bollinger bands",technical_v2,raw,biggest,1.3738,11.0871
"Moving Average,RSI,MACD,Stochastic,Bollinger bands",raw,binary,small,14.4092,1.0911
"Moving Average,RSI,MACD,Stochastic,Bollinger bands",raw,raw,small,14.4092,1.0911
"Moving Average,RSI,MACD,Stochastic,Bollinger bands",raw,normalized,small,14.4092,0.0
"Moving Average,RSI,MACD,Stochastic,Bollinger bands",relative,binary,small,14.4092,9.6481
"Moving Average,RSI,MACD,Stochastic,Bollinger bands",relative,raw,small,14.4092,-3.67
"Moving Average,RSI,MACD,Stochastic,Bollinger bands",relative,normalized,small,14.4092,13.3181
"Moving Average,RSI,MACD,Stochastic,Bollinger bands",raw,binary,medium,14.4092,13.3133
"Moving Average,RSI,MACD,Stochastic,Bollinger bands",raw,raw,medium,14.4092,6.6713
"Moving Average,RSI,MACD,Stochastic,Bollinger bands",raw,normalized,medium,14.4092,0.8562
"Moving Average,RSI,MACD,Stochastic,Bollinger bands",relative,binary,medium,14.4092,-3.67
"Moving Average,RSI,MACD,Stochastic,Bollinger bands",relative,raw,medium,14.4092,14.4092
"Moving Average,RSI,MACD,Stochastic,Bollinger bands",relative,normalized,medium,14.4092,0.0
"Moving Average,RSI,MACD,Stochastic,Bollinger bands",raw,binary,large,14.4092,0.2397
"Moving Average,RSI,MACD,Stochastic,Bollinger bands",raw,raw,large,14.4092,1.0959
"Moving Average,RSI,MACD,Stochastic,Bollinger bands",raw,normalized,large,14.4092,14.414
"Moving Average,RSI,MACD,Stochastic,Bollinger bands",relative,binary,large,14.4092,1.0911
"Moving Average,RSI,MACD,Stochastic,Bollinger bands",relative,raw,large,14.4092,13.3181
"Moving Average,RSI,MACD,Stochastic,Bollinger bands",relative,normalized,large,14.4092,0.0
"Moving Average,RSI,MACD,Stochastic,Bollinger bands",raw,binary,biggest,14.4092,14.4092
"Moving Average,RSI,MACD,Stochastic,Bollinger bands",raw,raw,biggest,14.4092,1.0959
"Moving Average,RSI,MACD,Stochastic,Bollinger bands",raw,normalized,biggest,14.4092,0.0
"Moving Average,RSI,MACD,Stochastic,Bollinger bands",relative,binary,biggest,14.4092,14.4092
"Moving Average,RSI,MACD,Stochastic,Bollinger bands",relative,raw,biggest,14.4092,14.4092
"Moving Average,RSI,MACD,Stochastic,Bollinger bands",relative,normalized,biggest,14.4092,0.0
"Moving Average,RSI,MACD,Stochastic,Bollinger bands",technical,raw,small,-0.5325,0.479
"Moving Average,RSI,MACD,Stochastic,Bollinger bands",technical_v2,raw,small,-0.5325,4.2334
"Moving Average,RSI,MACD,Stochastic,Bollinger bands",technical,raw,medium,-0.5325,7.2102
"Moving Average,RSI,MACD,Stochastic,Bollinger bands",technical_v2,raw,medium,-0.5325,4.2334
"Moving Average,RSI,MACD,Stochastic,Bollinger bands",technical,raw,large,-0.5325,1.9653
"Moving Average,RSI,MACD,Stochastic,Bollinger bands",technical_v2,raw,large,-0.5325,-0.5325
"Moving Average,RSI,MACD,Stochastic,Bollinger bands",technical,raw,biggest,-0.5325,-0.5325
"Moving Average,RSI,MACD,Stochastic,Bollinger bands",technical_v2,raw,biggest,-0.5325,-3.5092
"Moving Average,RSI,MACD,Stochastic",raw,binary,small,14.4092,22.1518
"Moving Average,RSI,MACD,Stochastic",raw,raw,small,14.4092,14.414
"Moving Average,RSI,MACD,Stochastic",raw,normalized,small,14.4092,-0.0048
"Moving Average,RSI,MACD,Stochastic",relative,binary,small,14.4092,-3.67
"Moving Average,RSI,MACD,Stochastic",relative,raw,small,14.4092,0.0
"Moving Average,RSI,MACD,Stochastic",relative,normalized,small,14.4092,14.4092
"Moving Average,RSI,MACD,Stochastic",raw,binary,medium,14.4092,1.0911
"Moving Average,RSI,MACD,Stochastic",raw,raw,medium,14.4092,1.0959
"Moving Average,RSI,MACD,Stochastic",raw,normalized,medium,14.4092,1.8676
"Moving Average,RSI,MACD,Stochastic",relative,binary,medium,14.4092,1.0911
"Moving Average,RSI,MACD,Stochastic",relative,raw,medium,14.4092,14.4092
"Moving Average,RSI,MACD,Stochastic",relative,normalized,medium,14.4092,0.0
"Moving Average,RSI,MACD,Stochastic",raw,binary,large,14.4092,13.553
"Moving Average,RSI,MACD,Stochastic",raw,raw,large,14.4092,1.0959
"Moving Average,RSI,MACD,Stochastic",raw,normalized,large,14.4092,0.8562
"Moving Average,RSI,MACD,Stochastic",relative,binary,large,14.4092,14.4092
"Moving Average,RSI,MACD,Stochastic",relative,raw,large,14.4092,0.0
"Moving Average,RSI,MACD,Stochastic",relative,normalized,large,14.4092,0.0
"Moving Average,RSI,MACD,Stochastic",raw,binary,biggest,14.4092,14.4092
"Moving Average,RSI,MACD,Stochastic",raw,raw,biggest,14.4092,0.0
"Moving Average,RSI,MACD,Stochastic",raw,normalized,biggest,14.4092,0.8562
"Moving Average,RSI,MACD,Stochastic",relative,binary,biggest,14.4092,-3.67
"Moving Average,RSI,MACD,Stochastic",relative,raw,biggest,14.4092,-3.67
"Moving Average,RSI,MACD,Stochastic",relative,normalized,biggest,14.4092,9.6481
"Moving Average,RSI,MACD,Stochastic",technical,raw,small,-0.5325,0.479
"Moving Average,RSI,MACD,Stochastic",technical_v2,raw,small,-0.5325,4.2334
"Moving Average,RSI,MACD,Stochastic",technical,raw,medium,-0.5325,0.0
"Moving Average,RSI,MACD,Stochastic",technical_v2,raw,medium,-0.5325,7.2102
"Moving Average,RSI,MACD,Stochastic",technical,raw,large,-0.5325,-0.5325
"Moving Average,RSI,MACD,Stochastic",technical_v2,raw,large,-0.5325,0.0
"Moving Average,RSI,MACD,Stochastic",technical,raw,biggest,-0.5325,4.2334
"Moving Average,RSI,MACD,Stochastic",technical_v2,raw,biggest,-0.5325,0.0
"Moving Average,RSI,MACD",raw,binary,small,4.1304,-3.4793
"Moving Average,RSI,MACD",raw,raw,small,4.1304,-4.2424
"Moving Average,RSI,MACD",raw,normalized,small,4.1304,0.0
"Moving Average,RSI,MACD",relative,binary,small,4.1304,4.1304
"Moving Average,RSI,MACD",relative,raw,small,4.1304,-3.9818
"Moving Average,RSI,MACD",relative,normalized,small,4.1304,0.0
"Moving Average,RSI,MACD",raw,binary,medium,4.1304,0.7555
"Moving Average,RSI,MACD",raw,raw,medium,4.1304,-1.1741
"Moving Average,RSI,MACD",raw,normalized,medium,4.1304,4.2201
"Moving Average,RSI,MACD",relative,binary,medium,4.1304,8.1122
"Moving Average,RSI,MACD",relative,raw,medium,4.1304,-3.9818
"Moving Average,RSI,MACD",relative,normalized,medium,4.1304,0.0
"Moving Average,RSI,MACD",raw,binary,large,4.1304,5.694
"Moving Average,RSI,MACD",raw,raw,large,4.1304,-2.183
"Moving Average,RSI,MACD",raw,normalized,large,4.1304,-3.8676
"Moving Average,RSI,MACD",relative,binary,large,4.1304,0.0
"Moving Average,RSI,MACD",relative,raw,large,4.1304,0.0
"Moving Average,RSI,MACD",relative,normalized,large,4.1304,0.0
"Moving Average,RSI,MACD",raw,binary,biggest,4.1304,6.2927
"Moving Average,RSI,MACD",raw,raw,biggest,4.1304,-0.4186
"Moving Average,RSI,MACD",raw,normalized,biggest,4.1304,4.0017
"Moving Average,RSI,MACD",relative,binary,biggest,4.1304,4.1304
"Moving Average,RSI,MACD",relative,raw,biggest,4.1304,0.0
"Moving Average,RSI,MACD",relative,normalized,biggest,4.1304,0.0
"Moving Average,RSI,MACD",technical,raw,small,1.3738,10.6683
"Moving Average,RSI,MACD",technical_v2,raw,small,1.3738,4.3803
"Moving Average,RSI,MACD",technical,raw,medium,1.3738,10.6683
"Moving Average,RSI,MACD",technical_v2,raw,medium,1.3738,-0.3442
"Moving Average,RSI,MACD",technical,raw,large,1.3738,12.8052
"Moving Average,RSI,MACD",technical_v2,raw,large,1.3738,13.2702
"Moving Average,RSI,MACD",technical,raw,biggest,1.3738,11.7397
"Moving Average,RSI,MACD",technical_v2,raw,biggest,1.3738,1.3738
"Moving Average,RSI,Stochastic,Bollinger bands",raw,binary,small,-8.5636,-4.3407
"Moving Average,RSI,Stochastic,Bollinger bands",raw,raw,small,-8.5636,-1.2454
"Moving Average,RSI,Stochastic,Bollinger bands",raw,normalized,small,-8.5636,-7.0553
"Moving Average,RSI,Stochastic,Bollinger bands",relative,binary,small,-8.5636,6.6597
"Moving Average,RSI,Stochastic,Bollinger bands",relative,raw,small,-8.5636,10.9716
"Moving Average,RSI,Stochastic,Bollinger bands",relative,normalized,small,-8.5636,0.0
"Moving Average,RSI,Stochastic,Bollinger bands",raw,binary,medium,-8.5636,-8.5636
"Moving Average,RSI,Stochastic,Bollinger bands",raw,raw,medium,-8.5636,-2.8031
"Moving Average,RSI,Stochastic,Bollinger bands",raw,normalized,medium,-8.5636,-6.2286
"Moving Average,RSI,Stochastic,Bollinger bands",relative,binary,medium,-8.5636,4.7173
"Moving Average,RSI,Stochastic,Bollinger bands",relative,raw,medium,-8.5636,-4.9585
"Moving Average,RSI,Stochastic,Bollinger bands",relative,normalized,medium,-8.5636,-2.3777
"Moving Average,RSI,Stochastic,Bollinger bands",raw,binary,large,-8.5636,3.7021
"Moving Average,RSI,Stochastic,Bollinger bands",raw,raw,large,-8.5636,3.8185
"Moving Average,RSI,Stochastic,Bollinger bands",raw,normalized,large,-8.5636,-6.2286
"Moving Average,RSI,Stochastic,Bollinger bands",relative,binary,large,-8.5636,-4.2435
"Moving Average,RSI,Stochastic,Bollinger bands",relative,raw,large,-8.5636,2.9603
"Moving Average,RSI,Stochastic,Bollinger bands",relative,normalized,large,-8.5636,-2.3777
"Moving Average,RSI,Stochastic,Bollinger bands",raw,binary,biggest,-8.5636,-10.1806
"Moving Average,RSI,Stochastic,Bollinger bands",raw,raw,biggest,-8.5636,-15.6123
"Moving Average,RSI,Stochastic,Bollinger bands",raw,normalized,biggest,-8.5636,-6.2286
"Moving Average,RSI,Stochastic,Bollinger bands",relative,binary,biggest,-8.5636,-7.0315
"Moving Average,RSI,Stochastic,Bollinger bands",relative,raw,biggest,-8.5636,-0.1308
"Moving Average,RSI,Stochastic,Bollinger bands",relative,normalized,biggest,-8.5636,0.26
"Moving Average,RSI,Stochastic,Bollinger bands",technical,raw,small,-11.3716,-8.8809
"Moving Average,RSI,Stochastic,Bollinger bands",technical_v2,raw,small,-11.3716,6.6658
"Moving Average,RSI,Stochastic,Bollinger bands",technical,raw,medium,-11.3716,-6.0819
"Moving Average,RSI,Stochastic,Bollinger bands",technical_v2,raw,medium,-11.3716,3.4533
"Moving Average,RSI,Stochastic,Bollinger bands",technical,raw,large,-11.3716,-9.7761
"Moving Average,RSI,Stochastic,Bollinger bands",technical_v2,raw,large,-11.3716,-5.6511
"Moving Average,RSI,Stochastic,Bollinger bands",technical,raw,biggest,-11.3716,-11.1402
"Moving Average,RSI,Stochastic,Bollinger bands",technical_v2,raw,biggest,-11.3716,0.0261
"Moving Average,RSI,Stochastic",raw,binary,small,-8.5636,-9.2267
"Moving Average,RSI,Stochastic",raw,raw,small,-8.5636,-1.3935
"Moving Average,RSI,Stochastic",raw,normalized,small,-8.5636,-2.753
"Moving Average,RSI,Stochastic",relative,binary,small,-8.5636,-8.4253
"Moving Average,RSI,Stochastic",relative,raw,small,-8.5636,-8.7778
"Moving Average,RSI,Stochastic",relative,normalized,small,-8.5636,0.658
"Moving Average,RSI,Stochastic",raw,binary,medium,-8.5636,-4.8901
"Moving Average,RSI,Stochastic",raw,raw,medium,-8.5636,-0.944
"Moving Average,RSI,Stochastic",raw,normalized,medium,-8.5636,-1.9897
"Moving Average,RSI,Stochastic",relative,binary,medium,-8.5636,-18.0449
"Moving Average,RSI,Stochastic",relative,raw,medium,-8.5636,-18.0729
"Moving Average,RSI,Stochastic",relative,normalized,medium,-8.5636,0.0
"Moving Average,RSI,Stochastic",raw,binary,large,-8.5636,-6.5761
"Moving Average,RSI,Stochastic",raw,raw,large,-8.5636,-3.3309
"Moving Average,RSI,Stochastic",raw,normalized,large,-8.5636,-6.2286
"Moving Average,RSI,Stochastic",relative,binary,large,-8.5636,1.0236
"Moving Average,RSI,Stochastic",relative,raw,large,-8.5636,0.5809
"Moving Average,RSI,Stochastic",relative,normalized,large,-8.5636,-1.647
"Moving Average,RSI,Stochastic",raw,binary,biggest,-8.5636,-8.5636
"Moving Average,RSI,Stochastic",raw,raw,biggest,-8.5636,-8.5636
"Moving Average,RSI,Stochastic",raw,normalized,biggest,-8.5636,-6.2286
"Moving Average,RSI,Stochastic",relative,binary,biggest,-8.5636,11.2419
"Moving Average,RSI,Stochastic",relative,raw,biggest,-8.5636,0.6051
"Moving Average,RSI,Stochastic",relative,normalized,biggest,-8.5636,-0.1964
"Moving Average,RSI,Stochastic",technical,raw,small,-11.3716,-5.3908
"Moving Average,RSI,Stochastic",technical_v2,raw,small,-11.3716,-6.7921
"Moving Average,RSI,Stochastic",technical,raw,medium,-11.3716,1.1536
"Moving Average,RSI,Stochastic",technical_v2,raw,medium,-11.3716,-7.7285
"Moving Average,RSI,Stochastic",technical,raw,large,-11.3716,3.9664
"Moving Average,RSI,Stochastic",technical_v2,raw,large,-11.3716,6.3617
"Moving Average,RSI,Stochastic",technical,raw,biggest,-11.3716,-1.8064
"Moving Average,RSI,Stochastic",technical_v2,raw,biggest,-11.3716,-1.0733
"Moving Average,RSI",raw,binary,small,5.769,-11.3571
"Moving Average,RSI",raw,raw,small,5.769,-0.7402
"Moving Average,RSI",raw,normalized,small,5.769,0.0
"Moving Average,RSI",relative,binary,small,5.769,3.1064
"Moving Average,RSI",relative,raw,small,5.769,8.2496
"Moving Average,RSI",relative,normalized,small,5.769,-1.3994
"Moving Average,RSI",raw,binary,medium,5.769,-2.0454
"Moving Average,RSI",raw,raw,medium,5.769,-0.4529
"Moving Average,RSI",raw,normalized,medium,5.769,0.0
"Moving Average,RSI",relative,binary,medium,5.769,-0.657
"Moving Average,RSI",relative,raw,medium,5.769,3.0064
"Moving Average,RSI",relative,normalized,medium,5.769,-0.3582
"Moving Average,RSI",raw,binary,large,5.769,0.0
"Moving Average,RSI",raw,raw,large,5.769,11.9773
"Moving Average,RSI",raw,normalized,large,5.769,0.0
"Moving Average,RSI",relative,binary,large,5.769,-15.1246
"Moving Average,RSI",relative,raw,large,5.769,-5.7586
"Moving Average,RSI",relative,normalized,large,5.769,1.8046
"Moving Average,RSI",raw,binary,biggest,5.769,-1.322
"Moving Average,RSI",raw,raw,biggest,5.769,5.769
"Moving Average,RSI",raw,normalized,biggest,5.769,0.0
"Moving Average,RSI",relative,binary,biggest,5.769,0.0
"Moving Average,RSI",relative,raw,biggest,5.769,0.5026
"Moving Average,RSI",relative,normalized,biggest,5.769,-1.3367
"Moving Average,RSI",technical,raw,small,2.4398,6.4674
"Moving Average,RSI",technical_v2,raw,small,2.4398,7.6944
"Moving Average,RSI",technical,raw,medium,2.4398,-13.7035
"Moving Average,RSI",technical_v2,raw,medium,2.4398,-1.4526
"Moving Average,RSI",technical,raw,large,2.4398,-3.3027
"Moving Average,RSI",technical_v2,raw,large,2.4398,0.5473
"Moving Average,RSI",technical,raw,biggest,2.4398,-0.7477
"Moving Average,RSI",technical_v2,raw,biggest,2.4398,6.9875
"Moving Average,Stochastic,Bollinger bands",raw,binary,small,11.6819,0.0
"Moving Average,Stochastic,Bollinger bands",raw,raw,small,11.6819,10.1147
"Moving Average,Stochastic,Bollinger bands",raw,normalized,small,11.6819,2.7394
"Moving Average,Stochastic,Bollinger bands",relative,binary,small,11.6819,0.2763
"Moving Average,Stochastic,Bollinger bands",relative,raw,small,11.6819,13.437
"Moving Average,Stochastic,Bollinger bands",relative,normalized,small,11.6819,3.1849
"Moving Average,Stochastic,Bollinger bands",raw,binary,medium,11.6819,0.0
"Moving Average,Stochastic,Bollinger bands",raw,raw,medium,11.6819,8.003
"Moving Average,Stochastic,Bollinger bands",raw,normalized,medium,11.6819,0.0
"Moving Average,Stochastic,Bollinger bands",relative,binary,medium,11.6819,2.4245
"Moving Average,Stochastic,Bollinger bands",relative,raw,medium,11.6819,15.7262
"Moving Average,Stochastic,Bollinger bands",relative,normalized,medium,11.6819,2.0205
"Moving Average,Stochastic,Bollinger bands",raw,binary,large,11.6819,0.0
"Moving Average,Stochastic,Bollinger bands",raw,raw,large,11.6819,13.8617
"Moving Average,Stochastic,Bollinger bands",raw,normalized,large,11.6819,0.0
"Moving Average,Stochastic,Bollinger bands",relative,binary,large,11.6819,-2.4412
"Moving Average,Stochastic,Bollinger bands",relative,raw,large,11.6819,20.5312
"Moving Average,Stochastic,Bollinger bands",relative,normalized,large,11.6819,5.1426
"Moving Average,Stochastic,Bollinger bands",raw,binary,biggest,11.6819,0.0
"Moving Average,Stochastic,Bollinger bands",raw,raw,biggest,11.6819,5.5188
"Moving Average,Stochastic,Bollinger bands",raw,normalized,biggest,11.6819,0.0
"Moving Average,Stochastic,Bollinger bands",relative,binary,biggest,11.6819,6.8603
"Moving Average,Stochastic,Bollinger bands",relative,raw,biggest,11.6819,18.2208
"Moving Average,Stochastic,Bollinger bands",relative,normalized,biggest,11.6819,2.813
"Moving Average,Stochastic,Bollinger bands",technical,raw,small,-4.0361,-11.4161
"Moving Average,Stochastic,Bollinger bands",technical_v2,raw,small,-4.0361,6.2707
"Moving Average,Stochastic,Bollinger bands",technical,raw,medium,-4.0361,2.1039
"Moving Average,Stochastic,Bollinger bands",technical_v2,raw,medium,-4.0361,-6.5698
"Moving Average,Stochastic,Bollinger bands",technical,raw,large,-4.0361,1.1361
"Moving Average,Stochastic,Bollinger bands",technical_v2,raw,large,-4.0361,5.9388
"Moving Average,Stochastic,Bollinger bands",technical,raw,biggest,-4.0361,-16.7054
"Moving Average,Stochastic,Bollinger bands",technical_v2,raw,biggest,-4.0361,9.3997
"Moving Average,Stochastic",raw,binary,small,11.5113,0.5964
"Moving Average,Stochastic",raw,raw,small,11.5113,11.6026
"Moving Average,Stochastic",raw,normalized,small,11.5113,2.7704
"Moving Average,Stochastic",relative,binary,small,11.5113,-2.0853
"Moving Average,Stochastic",relative,raw,small,11.5113,-2.7851
"Moving Average,Stochastic",relative,normalized,small,11.5113,0.6364
"Moving Average,Stochastic",raw,binary,medium,11.5113,0.0
"Moving Average,Stochastic",raw,raw,medium,11.5113,3.0885
"Moving Average,Stochastic",raw,normalized,medium,11.5113,0.0
"Moving Average,Stochastic",relative,binary,medium,11.5113,-1.1884
"Moving Average,Stochastic",relative,raw,medium,11.5113,20.7862
"Moving Average,Stochastic",relative,normalized,medium,11.5113,0.0
"Moving Average,Stochastic",raw,binary,large,11.5113,0.0
"Moving Average,Stochastic",raw,raw,large,11.5113,9.939
"Moving Average,Stochastic",raw,normalized,large,11.5113,0.0
"Moving Average,Stochastic",relative,binary,large,11.5113,-2.5804
"Moving Average,Stochastic",relative,raw,large,11.5113,3.4095
"Moving Average,Stochastic",relative,normalized,large,11.5113,0.0
"Moving Average,Stochastic",raw,binary,biggest,11.5113,0.0
"Moving Average,Stochastic",raw,raw,biggest,11.5113,5.7283
"Moving Average,Stochastic",raw,normalized,biggest,11.5113,0.0
"Moving Average,Stochastic",relative,binary,biggest,11.5113,0.801
"Moving Average,Stochastic",relative,raw,biggest,11.5113,9.6568
"Moving Average,Stochastic",relative,normalized,biggest,11.5113,1.7216
"Moving Average,Stochastic",technical,raw,small,-4.1427,0.1232
"Moving Average,Stochastic",technical_v2,raw,small,-4.1427,9.8179
"Moving Average,Stochastic",technical,raw,medium,-4.1427,2.9134
"Moving Average,Stochastic",technical_v2,raw,medium,-4.1427,4.3662
"Moving Average,Stochastic",technical,raw,large,-4.1427,-4.7322
"Moving Average,Stochastic",technical_v2,raw,large,-4.1427,-2.4856
"Moving Average,Stochastic",technical,raw,biggest,-4.1427,-1.7936
"Moving Average,Stochastic",technical_v2,raw,biggest,-4.1427,5.256
Moving Average,raw,binary,small,16.1041,1.8463
Moving Average,raw,raw,small,16.1041,5.4298
Moving Average,raw,normalized,small,16.1041,0.7384
Moving Average,relative,binary,small,16.1041,8.7056
Moving Average,relative,raw,small,16.1041,10.3812
Moving Average,relative,normalized,small,16.1041,0.5867
Moving Average,raw,binary,medium,16.1041,3.549
Moving Average,raw,raw,medium,16.1041,4.0055
Moving Average,raw,normalized,medium,16.1041,0.0
Moving Average,relative,binary,medium,16.1041,3.5262
Moving Average,relative,raw,medium,16.1041,15.2575
Moving Average,relative,normalized,medium,16.1041,2.6697
Moving Average,raw,binary,large,16.1041,0.0
Moving Average,raw,raw,large,16.1041,4.775
Moving Average,raw,normalized,large,16.1041,0.0
Moving Average,relative,binary,large,16.1041,-0.8701
Moving Average,relative,raw,large,16.1041,14.6181
Moving Average,relative,normalized,large,16.1041,2.0859
Moving Average,raw,binary,biggest,16.1041,0.0
Moving Average,raw,raw,biggest,16.1041,5.2736
Moving Average,raw,normalized,biggest,16.1041,0.0
Moving Average,relative,binary,biggest,16.1041,0.0032
Moving Average,relative,raw,biggest,16.1041,5.2688
Moving Average,relative,normalized,biggest,16.1041,-7.8738
Moving Average,technical,raw,small,26.7524,13.1275
Moving Average,technical_v2,raw,small,26.7524,19.6258
Moving Average,technical,raw,medium,26.7524,20.7637
Moving Average,technical_v2,raw,medium,26.7524,5.3764
Moving Average,technical,raw,large,26.7524,14.6053
Moving Average,technical_v2,raw,large,26.7524,13.6825
Moving Average,technical,raw,biggest,26.7524,7.1691
Moving Average,technical_v2,raw,biggest,26.7524,7.384
"RSI,Bollinger bands",raw,binary,small,4.3513,5.7357
"RSI,Bollinger bands",raw,raw,small,4.3513,3.3066
"RSI,Bollinger bands",raw,normalized,small,4.3513,0.0
"RSI,Bollinger bands",relative,binary,small,4.3513,4.6327
"RSI,Bollinger bands",relative,raw,small,4.3513,2.8504
"RSI,Bollinger bands",relative,normalized,small,4.3513,-7.7864
"RSI,Bollinger bands",raw,binary,medium,4.3513,4.3513
"RSI,Bollinger bands",raw,raw,medium,4.3513,7.9959
"RSI,Bollinger bands",raw,normalized,medium,4.3513,0.0
"RSI,Bollinger bands",relative,binary,medium,4.3513,10.0796
"RSI,Bollinger bands",relative,raw,medium,4.3513,4.1729
"RSI,Bollinger bands",relative,normalized,medium,4.3513,-3.1762
"RSI,Bollinger bands",raw,binary,large,4.3513,4.3513
"RSI,Bollinger bands",raw,raw,large,4.3513,2.2572
"RSI,Bollinger bands",raw,normalized,large,4.3513,0.0
"RSI,Bollinger bands",relative,binary,large,4.3513,3.2893
"RSI,Bollinger bands",relative,raw,large,4.3513,-5.8495
"RSI,Bollinger bands",relative,normalized,large,4.3513,-2.7795
"RSI,Bollinger bands",raw,binary,biggest,4.3513,4.3513
"RSI,Bollinger bands",raw,raw,biggest,4.3513,5.439
"RSI,Bollinger bands",raw,normalized,biggest,4.3513,0.0
"RSI,Bollinger bands",relative,binary,biggest,4.3513,6.4824
"RSI,Bollinger bands",relative,raw,biggest,4.3513,10.5346
"RSI,Bollinger bands",relative,normalized,biggest,4.3513,-4.2758
"RSI,Bollinger bands",technical,raw,small,10.2631,14.7096
"RSI,Bollinger bands",technical_v2,raw,small,10.2631,7.0178
"RSI,Bollinger bands",technical,raw,medium,10.2631,15.649
"RSI,Bollinger bands",technical_v2,raw,medium,10.2631,7.3386
"RSI,Bollinger bands",technical,raw,large,10.2631,9.1729
"RSI,Bollinger bands",technical_v2,raw,large,10.2631,11.2969
"RSI,Bollinger bands",technical,raw,biggest,10.2631,10.1714
"RSI,Bollinger bands",technical_v2,raw,biggest,10.2631,-1.6481
"RSI,MACD,Bollinger bands",raw,binary,small,0.5928,0.5928
"RSI,MACD,Bollinger bands",raw,raw,small,0.5928,-13.0953
"RSI,MACD,Bollinger bands",raw,normalized,small,0.5928,0.0
"RSI,MACD,Bollinger bands",relative,binary,small,0.5928,9.2925
"RSI,MACD,Bollinger bands",relative,raw,small,0.5928,-12.4565
"RSI,MACD,Bollinger bands",relative,normalized,small,0.5928,1.1964
"RSI,MACD,Bollinger bands",raw,binary,medium,0.5928,-4.5073
"RSI,MACD,Bollinger bands",raw,raw,medium,0.5928,-2.0563
"RSI,MACD,Bollinger bands",raw,normalized,medium,0.5928,14.3893
"RSI,MACD,Bollinger bands",relative,binary,medium,0.5928,0.7318
"RSI,MACD,Bollinger bands",relative,raw,medium,0.5928,0.5928
"RSI,MACD,Bollinger bands",relative,normalized,medium,0.5928,-1.0017
"RSI,MACD,Bollinger bands",raw,binary,large,0.5928,0.5928
"RSI,MACD,Bollinger bands",raw,raw,large,0.5928,0.5928
"RSI,MACD,Bollinger bands",raw,normalized,large,0.5928,0.5928
"RSI,MACD,Bollinger bands",relative,binary,large,0.5928,10.1869
"RSI,MACD,Bollinger bands",relative,raw,large,0.5928,-1.8193
"RSI,MACD,Bollinger bands",relative,normalized,large,0.5928,-12.8498
"RSI,MACD,Bollinger bands",raw,binary,biggest,0.5928,0.5928
"RSI,MACD,Bollinger bands",raw,raw,biggest,0.5928,-1.6141
"RSI,MACD,Bollinger bands",raw,normalized,biggest,0.5928,0.0
"RSI,MACD,Bollinger bands",relative,binary,biggest,0.5928,1.9283
"RSI,MACD,Bollinger bands",relative,raw,biggest,0.5928,10.1869
"RSI,MACD,Bollinger bands",relative,normalized,biggest,0.5928,-5.2303
"RSI,MACD,Bollinger bands",technical,raw,small,-1.7529,10.334
"RSI,MACD,Bollinger bands",technical_v2,raw,small,-1.7529,-1.8988
"RSI,MACD,Bollinger bands",technical,raw,medium,-1.7529,8.4402
"RSI,MACD,Bollinger bands",technical_v2,raw,medium,-1.7529,0.4238
"RSI,MACD,Bollinger bands",technical,raw,large,-1.7529,8.6096
"RSI,MACD,Bollinger bands",technical_v2,raw,large,-1.7529,-1.2197
"RSI,MACD,Bollinger bands",technical,raw,biggest,-1.7529,6.5347
"RSI,MACD,Bollinger bands",technical_v2,raw,biggest,-1.7529,5.8026
"RSI,MACD,Stochastic,Bollinger bands",raw,binary,small,7.468,7.468
"RSI,MACD,Stochastic,Bollinger bands",raw,raw,small,7.468,7.468
"RSI,MACD,Stochastic,Bollinger bands",raw,normalized,small,7.468,3.8437
"RSI,MACD,Stochastic,Bollinger bands",relative,binary,small,7.468,7.468
"RSI,MACD,Stochastic,Bollinger bands",relative,raw,small,7.468,0.6884
"RSI,MACD,Stochastic,Bollinger bands",relative,normalized,small,7.468,0.0388
"RSI,MACD,Stochastic,Bollinger bands",raw,binary,medium,7.468,7.468
"RSI,MACD,Stochastic,Bollinger bands",raw,raw,medium,7.468,4.3145
"RSI,MACD,Stochastic,Bollinger bands",raw,normalized,medium,7.468,0.0
"RSI,MACD,Stochastic,Bollinger bands",relative,binary,medium,7.468,6.7093
"RSI,MACD,Stochastic,Bollinger bands",relative,raw,medium,7.468,3.5983
"RSI,MACD,Stochastic,Bollinger bands",relative,normalized,medium,7.468,3.0181
"RSI,MACD,Stochastic,Bollinger bands",raw,binary,large,7.468,4.5337
"RSI,MACD,Stochastic,Bollinger bands",raw,raw,large,7.468,-4.888
"RSI,MACD,Stochastic,Bollinger bands",raw,normalized,large,7.468,0.0
"RSI,MACD,Stochastic,Bollinger bands",relative,binary,large,7.468,7.5064
"RSI,MACD,Stochastic,Bollinger bands",relative,raw,large,7.468,7.4293
"RSI,MACD,Stochastic,Bollinger bands",relative,normalized,large,7.468,0.0
"RSI,MACD,Stochastic,Bollinger bands",raw,binary,biggest,7.468,7.468
"RSI,MACD,Stochastic,Bollinger bands",raw,raw,biggest,7.468,4.985
"RSI,MACD,Stochastic,Bollinger bands",raw,normalized,biggest,7.468,0.0
"RSI,MACD,Stochastic,Bollinger bands",relative,binary,biggest,7.468,7.468
"RSI,MACD,Stochastic,Bollinger bands",relative,raw,biggest,7.468,7.468
"RSI,MACD,Stochastic,Bollinger bands",relative,normalized,biggest,7.468,4.077
"RSI,MACD,Stochastic,Bollinger bands",technical,raw,small,10.8832,6.9954
"RSI,MACD,Stochastic,Bollinger bands",technical_v2,raw,small,10.8832,13.1428
"RSI,MACD,Stochastic,Bollinger bands",technical,raw,medium,10.8832,4.4198
"RSI,MACD,Stochastic,Bollinger bands",technical_v2,raw,medium,10.8832,6.8798
"RSI,MACD,Stochastic,Bollinger bands",technical,raw,large,10.8832,2.2821
"RSI,MACD,Stochastic,Bollinger bands",technical_v2,raw,large,10.8832,1.0714
"RSI,MACD,Stochastic,Bollinger bands",technical,raw,biggest,10.8832,2.2821
"RSI,MACD,Stochastic,Bollinger bands",technical_v2,raw,biggest,10.8832,6.3833
"RSI,MACD,Stochastic",raw,binary,small,7.468,6.6979
"RSI,MACD,Stochastic",raw,raw,small,7.468,7.468
"RSI,MACD,Stochastic",raw,normalized,small,7.468,2.8959
"RSI,MACD,Stochastic",relative,binary,small,7.468,6.7093
"RSI,MACD,Stochastic",relative,raw,small,7.468,0.0388
"RSI,MACD,Stochastic",relative,normalized,small,7.468,3.391
"RSI,MACD,Stochastic",raw,binary,medium,7.468,7.3507
"RSI,MACD,Stochastic",raw,raw,medium,7.468,5.3308
"RSI,MACD,Stochastic",raw,normalized,medium,7.468,0.0
"RSI,MACD,Stochastic",relative,binary,medium,7.468,7.5452
"RSI,MACD,Stochastic",relative,raw,medium,7.468,7.5064
"RSI,MACD,Stochastic",relative,normalized,medium,7.468,3.0181
"RSI,MACD,Stochastic",raw,binary,large,7.468,7.468
"RSI,MACD,Stochastic",raw,raw,large,7.468,7.468
"RSI,MACD,Stochastic",raw,normalized,large,7.468,0.0
"RSI,MACD,Stochastic",relative,binary,large,7.468,7.468
"RSI,MACD,Stochastic",relative,raw,large,7.468,7.5452
"RSI,MACD,Stochastic",relative,normalized,large,7.468,0.0
"RSI,MACD,Stochastic",raw,binary,biggest,7.468,7.468
"RSI,MACD,Stochastic",raw,raw,biggest,7.468,7.468
"RSI,MACD,Stochastic",raw,normalized,biggest,7.468,0.0
"RSI,MACD,Stochastic",relative,binary,biggest,7.468,7.468
"RSI,MACD,Stochastic",relative,raw,biggest,7.468,3.0568
"RSI,MACD,Stochastic",relative,normalized,biggest,7.468,0.0
"RSI,MACD,Stochastic",technical,raw,small,10.8832,4.9276
"RSI,MACD,Stochastic",technical_v2,raw,small,10.8832,6.7291
"RSI,MACD,Stochastic",technical,raw,medium,10.8832,11.9964
"RSI,MACD,Stochastic",technical_v2,raw,medium,10.8832,-0.3173
"RSI,MACD,Stochastic",technical,raw,large,10.8832,3.1228
"RSI,MACD,Stochastic",technical_v2,raw,large,10.8832,9.0089
"RSI,MACD,Stochastic",technical,raw,biggest,10.8832,2.2821
"RSI,MACD,Stochastic",technical_v2,raw,biggest,10.8832,1.0702
"RSI,MACD",raw,binary,small,0.5928,0.0
"RSI,MACD",raw,raw,small,0.5928,6.792
"RSI,MACD",raw,normalized,small,0.5928,0.0
"RSI,MACD",relative,binary,small,0.5928,9.1068
"RSI,MACD",relative,raw,small,0.5928,0.5928
"RSI,MACD",relative,normalized,small,0.5928,-10.4873
"RSI,MACD",raw,binary,medium,0.5928,0.5928
"RSI,MACD",raw,raw,medium,0.5928,7.8497
"RSI,MACD",raw,normalized,medium,0.5928,1.9644
"RSI,MACD",relative,binary,medium,0.5928,8.1352
"RSI,MACD",relative,raw,medium,0.5928,5.112
"RSI,MACD",relative,normalized,medium,0.5928,9.127
"RSI,MACD",raw,binary,large,0.5928,0.5928
"RSI,MACD",raw,raw,large,0.5928,-2.8757
"RSI,MACD",raw,normalized,large,0.5928,0.0
"RSI,MACD",relative,binary,large,0.5928,9.2153
"RSI,MACD",relative,raw,large,0.5928,-7.2332
"RSI,MACD",relative,normalized,large,0.5928,-7.6366
"RSI,MACD",raw,binary,biggest,0.5928,0.5928
"RSI,MACD",raw,raw,biggest,0.5928,-7.8637
"RSI,MACD",raw,normalized,biggest,0.5928,0.0
"RSI,MACD",relative,binary,biggest,0.5928,9.2153
"RSI,MACD",relative,raw,biggest,0.5928,1.673
"RSI,MACD",relative,normalized,biggest,0.5928,0.0
"RSI,MACD",technical,raw,small,-1.7529,-9.0396
"RSI,MACD",technical_v2,raw,small,-1.7529,3.5021
"RSI,MACD",technical,raw,medium,-1.7529,7.8995
"RSI,MACD",technical_v2,raw,medium,-1.7529,7.8458
"RSI,MACD",technical,raw,large,-1.7529,15.2943
"RSI,MACD",technical_v2,raw,large,-1.7529,-1.4756
"RSI,MACD",technical,raw,biggest,-1.7529,12.698
"RSI,MACD",technical_v2,raw,biggest,-1.7529,0.14
"RSI,Stochastic,Bollinger bands",raw,binary,small,-4.7144,1.7758
"RSI,Stochastic,Bollinger bands",raw,raw,small,-4.7144,-3.6086
"RSI,Stochastic,Bollinger bands",raw,normalized,small,-4.7144,3.1459
"RSI,Stochastic,Bollinger bands",relative,binary,small,-4.7144,-10.7668
"RSI,Stochastic,Bollinger bands",relative,raw,small,-4.7144,5.9092
"RSI,Stochastic,Bollinger bands",relative,normalized,small,-4.7144,0.3322
"RSI,Stochastic,Bollinger bands",raw,binary,medium,-4.7144,-4.7144
"RSI,Stochastic,Bollinger bands",raw,raw,medium,-4.7144,3.6669
"RSI,Stochastic,Bollinger bands",raw,normalized,medium,-4.7144,2.1032
"RSI,Stochastic,Bollinger bands",relative,binary,medium,-4.7144,-3.0618
"RSI,Stochastic,Bollinger bands",relative,raw,medium,-4.7144,10.8696
"RSI,Stochastic,Bollinger bands",relative,normalized,medium,-4.7144,-1.1976
"RSI,Stochastic,Bollinger bands",raw,binary,large,-4.7144,-4.7144
"RSI,Stochastic,Bollinger bands",raw,raw,large,-4.7144,-3.3193
"RSI,Stochastic,Bollinger bands",raw,normalized,large,-4.7144,1.8137
"RSI,Stochastic,Bollinger bands",relative,binary,large,-4.7144,-4.522
"RSI,Stochastic,Bollinger bands",relative,raw,large,-4.7144,-7.2872
"RSI,Stochastic,Bollinger bands",relative,normalized,large,-4.7144,-0.7023
"RSI,Stochastic,Bollinger bands",raw,binary,biggest,-4.7144,-4.7144
"RSI,Stochastic,Bollinger bands",raw,raw,biggest,-4.7144,0.9267
"RSI,Stochastic,Bollinger bands",raw,normalized,biggest,-4.7144,1.7077
"RSI,Stochastic,Bollinger bands",relative,binary,biggest,-4.7144,-8.4788
"RSI,Stochastic,Bollinger bands",relative,raw,biggest,-4.7144,6.2252
"RSI,Stochastic,Bollinger bands",relative,normalized,biggest,-4.7144,3.8971
"RSI,Stochastic,Bollinger bands",technical,raw,small,-6.3426,-2.1732
"RSI,Stochastic,Bollinger bands",technical_v2,raw,small,-6.3426,6.1964
"RSI,Stochastic,Bollinger bands",technical,raw,medium,-6.3426,1.167
"RSI,Stochastic,Bollinger bands",technical_v2,raw,medium,-6.3426,0.4709
"RSI,Stochastic,Bollinger bands",technical,raw,large,-6.3426,-6.7577
"RSI,Stochastic,Bollinger bands",technical_v2,raw,large,-6.3426,-1.4186
"RSI,Stochastic,Bollinger bands",technical,raw,biggest,-6.3426,-8.061
"RSI,Stochastic,Bollinger bands",technical_v2,raw,biggest,-6.3426,-7.5651
"RSI,Stochastic",raw,binary,small,-4.7144,-5.8152
"RSI,Stochastic",raw,raw,small,-4.7144,7.3152
"RSI,Stochastic",raw,normalized,small,-4.7144,2.4658
"RSI,Stochastic",relative,binary,small,-4.7144,-6.9201
"RSI,Stochastic",relative,raw,small,-4.7144,-9.7561
"RSI,Stochastic",relative,normalized,small,-4.7144,1.1952
"RSI,Stochastic",raw,binary,medium,-4.7144,-4.7144
"RSI,Stochastic",raw,raw,medium,-4.7144,4.5342
"RSI,Stochastic",raw,normalized,medium,-4.7144,2.1592
"RSI,Stochastic",relative,binary,medium,-4.7144,-6.4502
"RSI,Stochastic",relative,raw,medium,-4.7144,3.7199
"RSI,Stochastic",relative,normalized,medium,-4.7144,-0.5413
"RSI,Stochastic",raw,binary,large,-4.7144,-6.8736
"RSI,Stochastic",raw,raw,large,-4.7144,-7.8671
"RSI,Stochastic",raw,normalized,large,-4.7144,-1.8306
"RSI,Stochastic",relative,binary,large,-4.7144,-6.6446
"RSI,Stochastic",relative,raw,large,-4.7144,-7.8373
"RSI,Stochastic",relative,normalized,large,-4.7144,-0.6581
"RSI,Stochastic",raw,binary,biggest,-4.7144,-0.2476
"RSI,Stochastic",raw,raw,biggest,-4.7144,0.8789
"RSI,Stochastic",raw,normalized,biggest,-4.7144,1.7077
"RSI,Stochastic",relative,binary,biggest,-4.7144,-2.5872
"RSI,Stochastic",relative,raw,biggest,-4.7144,9.388
"RSI,Stochastic",relative,normalized,biggest,-4.7144,-1.4088
"RSI,Stochastic",technical,raw,small,-6.3426,0.0908
"RSI,Stochastic",technical_v2,raw,small,-6.3426,-8.0276
"RSI,Stochastic",technical,raw,medium,-6.3426,-7.7031
"RSI,Stochastic",technical_v2,raw,medium,-6.3426,-10.2654
"RSI,Stochastic",technical,raw,large,-6.3426,5.8542
"RSI,Stochastic",technical_v2,raw,large,-6.3426,1.5889
"RSI,Stochastic",technical,raw,biggest,-6.3426,-15.9297
"RSI,Stochastic",technical_v2,raw,biggest,-6.3426,-13.9364
RSI,raw,binary,small,4.3513,5.2915
RSI,raw,raw,small,4.3513,-3.7471
RSI,raw,normalized,small,4.3513,0.0
RSI,relative,binary,small,4.3513,13.0653
RSI,relative,raw,small,4.3513,2.6128
RSI,relative,normalized,small,4.3513,-3.0836
RSI,raw,binary,medium,4.3513,4.3513
RSI,raw,raw,medium,4.3513,-2.4019
RSI,raw,normalized,medium,4.3513,0.0
RSI,relative,binary,medium,4.3513,6.5206
RSI,relative,raw,medium,4.3513,-5.2645
RSI,relative,normalized,medium,4.3513,-3.1546
RSI,raw,binary,large,4.3513,4.3513
RSI,raw,raw,large,4.3513,4.9505
RSI,raw,normalized,large,4.3513,0.0
RSI,relative,binary,large,4.3513,6.4501
RSI,relative,raw,large,4.3513,4.3793
RSI,relative,normalized,large,4.3513,-5.0698
RSI,raw,binary,biggest,4.3513,4.3513
RSI,raw,raw,biggest,4.3513,1.869
RSI,raw,normalized,biggest,4.3513,-1.4902
RSI,relative,binary,biggest,4.3513,5.8262
RSI,relative,raw,biggest,4.3513,-8.4208
RSI,relative,normalized,biggest,4.3513,-2.3558
RSI,technical,raw,small,10.2631,17.8202
RSI,technical_v2,raw,small,10.2631,6.9497
RSI,technical,raw,medium,10.2631,11.5277
RSI,technical_v2,raw,medium,10.2631,4.7933
RSI,technical,raw,large,10.2631,8.3432
RSI,technical_v2,raw,large,10.2631,6.6261
RSI,technical,raw,biggest,10.2631,8.8395
RSI,technical_v2,raw,biggest,10.2631,14.013
"Stochastic,Bollinger bands",raw,binary,small,86.5411,-1.3223
"Stochastic,Bollinger bands",raw,raw,small,86.5411,73.6198
"Stochastic,Bollinger bands",raw,normalized,small,86.5411,5.6583
"Stochastic,Bollinger bands",relative,binary,small,86.5411,1.1966
"Stochastic,Bollinger bands",relative,raw,small,86.5411,60.3287
"Stochastic,Bollinger bands",relative,normalized,small,86.5411,2.7056
"Stochastic,Bollinger bands",raw,binary,medium,86.5411,0.0
"Stochastic,Bollinger bands",raw,raw,medium,86.5411,86.5411
"Stochastic,Bollinger bands",raw,normalized,medium,86.5411,0.0
"Stochastic,Bollinger bands",relative,binary,medium,86.5411,0.7414
"Stochastic,Bollinger bands",relative,raw,medium,86.5411,80.8335
"Stochastic,Bollinger bands",relative,normalized,medium,86.5411,-0.4448
"Stochastic,Bollinger bands",raw,binary,large,86.5411,0.0
"Stochastic,Bollinger bands",raw,raw,large,86.5411,86.5411
"Stochastic,Bollinger bands",raw,normalized,large,86.5411,0.222
"Stochastic,Bollinger bands",relative,binary,large,86.5411,0.4608
"Stochastic,Bollinger bands",relative,raw,large,86.5411,89.4102
"Stochastic,Bollinger bands",relative,normalized,large,86.5411,0.9877
"Stochastic,Bollinger bands",raw,binary,biggest,86.5411,0.0
"Stochastic,Bollinger bands",raw,raw,biggest,86.5411,86.5556
"Stochastic,Bollinger bands",raw,normalized,biggest,86.5411,0.0
"Stochastic,Bollinger bands",relative,binary,biggest,86.5411,1.1731
"Stochastic,Bollinger bands",relative,raw,biggest,86.5411,83.7317
"Stochastic,Bollinger bands",relative,normalized,biggest,86.5411,1.4947
"Stochastic,Bollinger bands",technical,raw,small,86.8819,88.0051
"Stochastic,Bollinger bands",technical_v2,raw,small,86.8819,86.4699
"Stochastic,Bollinger bands",technical,raw,medium,86.8819,86.8819
"Stochastic,Bollinger bands",technical_v2,raw,medium,86.8819,80.2097
"Stochastic,Bollinger bands",technical,raw,large,86.8819,85.6954
"Stochastic,Bollinger bands",technical_v2,raw,large,86.8819,85.1716
"Stochastic,Bollinger bands",technical,raw,biggest,86.8819,86.8819
"Stochastic,Bollinger bands",technical_v2,raw,biggest,86.8819,87.375
Stochastic,raw,binary,small,60.1108,-0.2996
Stochastic,raw,raw,small,60.1108,59.7867
Stochastic,raw,normalized,small,60.1108,0.0
Stochastic,relative,binary,small,60.1108,-6.2478
Stochastic,relative,raw,small,60.1108,49.2357
Stochastic,relative,normalized,small,60.1108,-6.432
Stochastic,raw,binary,medium,60.1108,0.0
Stochastic,raw,raw,medium,60.1108,58.7517
Stochastic,raw,normalized,medium,60.1108,0.0
Stochastic,relative,binary,medium,60.1108,-7.1485
Stochastic,relative,raw,medium,60.1108,60.3651
Stochastic,relative,normalized,medium,60.1108,-0.4193
Stochastic,raw,binary,large,60.1108,0.0
Stochastic,raw,raw,large,60.1108,55.9658
Stochastic,raw,normalized,large,60.1108,0.0
Stochastic,relative,binary,large,60.1108,-4.7536
Stochastic,relative,raw,large,60.1108,61.5238
Stochastic,relative,normalized,large,60.1108,-3.2652
Stochastic,raw,binary,biggest,60.1108,0.0
Stochastic,raw,raw,biggest,60.1108,60.1108
Stochastic,raw,normalized,biggest,60.1108,0.3664
Stochastic,relative,binary,biggest,60.1108,-1.7261
Stochastic,relative,raw,biggest,60.1108,65.2968
Stochastic,relative,normalized,biggest,60.1108,-3.941
Stochastic,technical,raw,small,91.1564,51.4884
Stochastic,technical_v2,raw,small,91.1564,81.0171
Stochastic,technical,raw,medium,91.1564,76.1024
Stochastic,technical_v2,raw,medium,91.1564,90.1112
Stochastic,technical,raw,large,91.1564,91.1564
Stochastic,technical_v2,raw,large,91.1564,91.1564
Stochastic,technical,raw,biggest,91.1564,91.1564
Stochastic,technical_v2,raw,biggest,91.1564,83.3308
