Version,Strategy,Original,Predicted
LinearSVC,Bollinger bands,1.68,35.2
LinearSVC,Stochastic,60.11,0.77
LinearSVC,"Stochastic,Bollinger bands",86.54,-0.97
LinearSVC,"MACD,Bollinger bands",23.74,0.76
LinearSVC,MACD,25.5,-1.51
LinearSVC,"MACD,Stochastic,Bollinger bands",20.23,3.05
LinearSVC,"MACD,Stochastic",30.91,0.0
LinearSVC,"RSI,Bollinger bands",4.35,5.11
LinearSVC,RSI,4.35,5.11
LinearSVC,"RSI,Stochastic,Bollinger bands",-4.71,-3.94
LinearSVC,"RSI,Stochastic",-4.71,-3.94
LinearSVC,"Moving Average,Bollinger bands",12.69,1.62
LinearSVC,Moving Average,16.1,3.94
LinearSVC,"Moving Average,Stochastic,Bollinger bands",11.68,-0.98
LinearSVC,"Moving Average,Stochastic",11.51,0.0
LinearSVC,"Moving Average,MACD,Bollinger bands",-8.3,-11.18
LinearSVC,"Moving Average,MACD",-8.36,-17.93
LinearSVC,"Moving Average,MACD,Stochastic,Bollinger bands",14.52,-6.71
LinearSVC,"Moving Average,MACD,Stochastic",14.32,-6.49
LinearSVC,"Moving Average,RSI,Bollinger bands",5.77,0.0
LinearSVC,"Moving Average,RSI",5.77,0.0
LinearSVC,"Moving Average,RSI,Stochastic,Bollinger bands",-8.56,2.42
LinearSVC,"Moving Average,RSI,Stochastic",-8.56,2.42
LinearSVC,"RSI,MACD,Bollinger bands",0.59,0.59
LinearSVC,"RSI,MACD",0.59,0.59
LinearSVC,"RSI,MACD,Stochastic,Bollinger bands",7.47,7.47
LinearSVC,"RSI,MACD,Stochastic",7.47,7.47
LinearSVC,"Moving Average,RSI,MACD,Bollinger bands",4.13,4.13
LinearSVC,"Moving Average,RSI,MACD",4.13,4.13
LinearSVC,"Moving Average,RSI,MACD,Stochastic,Bollinger bands",14.41,14.41
LinearSVC,"Moving Average,RSI,MACD,Stochastic",14.41,14.41
LinearSVC Scalar,Bollinger bands,,44.28
LinearSVC Scalar,Stochastic,,35.73
LinearSVC Scalar,"Stochastic,Bollinger bands",,45.83
LinearSVC Scalar,"MACD,Bollinger bands",,14.53
LinearSVC Scalar,MACD,,18.2
LinearSVC Scalar,"MACD,Stochastic,Bollinger bands",,18.58
LinearSVC Scalar,"MACD,Stochastic",,23.67
LinearSVC Scalar,"RSI,Bollinger bands",,6.51
LinearSVC Scalar,RSI,,6.51
LinearSVC Scalar,"RSI,Stochastic,Bollinger bands",,-3.72
LinearSVC Scalar,"RSI,Stochastic",,-3.72
LinearSVC Scalar,"Moving Average,Bollinger bands",,-0.24
LinearSVC Scalar,Moving Average,,0.8
LinearSVC Scalar,"Moving Average,Stochastic,Bollinger bands",,-0.95
LinearSVC Scalar,"Moving Average,Stochastic",,-1.13
LinearSVC Scalar,"Moving Average,MACD,Bollinger bands",,-19.04
LinearSVC Scalar,"Moving Average,MACD",,-17.7
LinearSVC Scalar,"Moving Average,MACD,Stochastic,Bollinger bands",,-8.74
LinearSVC Scalar,"Moving Average,MACD,Stochastic",,-6.49
LinearSVC Scalar,"Moving Average,RSI,Bollinger bands",,0.59
LinearSVC Scalar,"Moving Average,RSI",,0.59
LinearSVC Scalar,"Moving Average,RSI,Stochastic,Bollinger bands",,8.77
LinearSVC Scalar,"Moving Average,RSI,Stochastic",,8.77
LinearSVC Scalar,"RSI,MACD,Bollinger bands",,0.59
LinearSVC Scalar,"RSI,MACD",,0.59
LinearSVC Scalar,"RSI,MACD,Stochastic,Bollinger bands",,7.47
LinearSVC Scalar,"RSI,MACD,Stochastic",,7.47
LinearSVC Scalar,"Moving Average,RSI,MACD,Bollinger bands",,4.13
LinearSVC Scalar,"Moving Average,RSI,MACD",,4.13
LinearSVC Scalar,"Moving Average,RSI,MACD,Stochastic,Bollinger bands",,14.41
LinearSVC Scalar,"Moving Average,RSI,MACD,Stochastic",,14.41
SVC,Bollinger bands,,35.2
SVC,Stochastic,,0.77
SVC,"Stochastic,Bollinger bands",,-0.97
SVC,"MACD,Bollinger bands",,0.76
SVC,MACD,,-1.51
SVC,"MACD,Stochastic,Bollinger bands",,3.05
SVC,"MACD,Stochastic",,0.0
SVC,"RSI,Bollinger bands",,5.11
SVC,RSI,,5.11
SVC,"RSI,Stochastic,Bollinger bands",,-3.94
SVC,"RSI,Stochastic",,-3.94
SVC,"Moving Average,Bollinger bands",,1.62
SVC,Moving Average,,3.94
SVC,"Moving Average,Stochastic,Bollinger bands",,-0.98
SVC,"Moving Average,Stochastic",,0.0
SVC,"Moving Average,MACD,Bollinger bands",,-11.18
SVC,"Moving Average,MACD",,-17.93
SVC,"Moving Average,MACD,Stochastic,Bollinger bands",,-6.71
SVC,"Moving Average,MACD,Stochastic",,-6.49
SVC,"Moving Average,RSI,Bollinger bands",,0.0
SVC,"Moving Average,RSI",,0.0
SVC,"Moving Average,RSI,Stochastic,Bollinger bands",,2.42
SVC,"Moving Average,RSI,Stochastic",,2.42
SVC,"RSI,MACD,Bollinger bands",,0.59
SVC,"RSI,MACD",,0.59
SVC,"RSI,MACD,Stochastic,Bollinger bands",,7.47
SVC,"RSI,MACD,Stochastic",,7.47
SVC,"Moving Average,RSI,MACD,Bollinger bands",,4.13
SVC,"Moving Average,RSI,MACD",,4.13
SVC,"Moving Average,RSI,MACD,Stochastic,Bollinger bands",,14.41
SVC,"Moving Average,RSI,MACD,Stochastic",,14.41
SVC Scalar,Bollinger bands,,44.28
SVC Scalar,Stochastic,,35.73
SVC Scalar,"Stochastic,Bollinger bands",,45.83
SVC Scalar,"MACD,Bollinger bands",,14.53
SVC Scalar,MACD,,18.2
SVC Scalar,"MACD,Stochastic,Bollinger bands",,18.58
SVC Scalar,"MACD,Stochastic",,23.67
SVC Scalar,"RSI,Bollinger bands",,6.51
SVC Scalar,RSI,,6.51
SVC Scalar,"RSI,Stochastic,Bollinger bands",,-3.72
SVC Scalar,"RSI,Stochastic",,-3.72
SVC Scalar,"Moving Average,Bollinger bands",,-0.24
SVC Scalar,Moving Average,,0.8
SVC Scalar,"Moving Average,Stochastic,Bollinger bands",,-0.95
SVC Scalar,"Moving Average,Stochastic",,-1.13
SVC Scalar,"Moving Average,MACD,Bollinger bands",,-19.04
SVC Scalar,"Moving Average,MACD",,-17.7
SVC Scalar,"Moving Average,MACD,Stochastic,Bollinger bands",,-8.74
SVC Scalar,"Moving Average,MACD,Stochastic",,-6.49
SVC Scalar,"Moving Average,RSI,Bollinger bands",,0.59
SVC Scalar,"Moving Average,RSI",,0.59
SVC Scalar,"Moving Average,RSI,Stochastic,Bollinger bands",,8.77
SVC Scalar,"Moving Average,RSI,Stochastic",,8.77
SVC Scalar,"RSI,MACD,Bollinger bands",,0.59
SVC Scalar,"RSI,MACD",,0.59
SVC Scalar,"RSI,MACD,Stochastic,Bollinger bands",,7.47
SVC Scalar,"RSI,MACD,Stochastic",,7.47
SVC Scalar,"Moving Average,RSI,MACD,Bollinger bands",,4.13
SVC Scalar,"Moving Average,RSI,MACD",,4.13
SVC Scalar,"Moving Average,RSI,MACD,Stochastic,Bollinger bands",,14.41
SVC Scalar,"Moving Average,RSI,MACD,Stochastic",,14.41
Decision Tree,Bollinger bands,,20.47
Decision Tree,Stochastic,,5.13
Decision Tree,"Stochastic,Bollinger bands",,5.58
Decision Tree,"MACD,Bollinger bands",,-1.15
Decision Tree,MACD,,-5.51
Decision Tree,"MACD,Stochastic,Bollinger bands",,-1.57
Decision Tree,"MACD,Stochastic",,2.88
Decision Tree,"RSI,Bollinger bands",,-0.13
Decision Tree,RSI,,-0.13
Decision Tree,"RSI,Stochastic,Bollinger bands",,-4.71
Decision Tree,"RSI,Stochastic",,-4.71
Decision Tree,"Moving Average,Bollinger bands",,0.0
Decision Tree,Moving Average,,0.0
Decision Tree,"Moving Average,Stochastic,Bollinger bands",,0.0
Decision Tree,"Moving Average,Stochastic",,0.0
Decision Tree,"Moving Average,MACD,Bollinger bands",,0.0
Decision Tree,"Moving Average,MACD",,0.0
Decision Tree,"Moving Average,MACD,Stochastic,Bollinger bands",,0.0
Decision Tree,"Moving Average,MACD,Stochastic",,0.0
Decision Tree,"Moving Average,RSI,Bollinger bands",,5.26
Decision Tree,"Moving Average,RSI",,5.26
Decision Tree,"Moving Average,RSI,Stochastic,Bollinger bands",,-5.21
Decision Tree,"Moving Average,RSI,Stochastic",,-5.21
Decision Tree,"RSI,MACD,Bollinger bands",,0.59
Decision Tree,"RSI,MACD",,0.59
Decision Tree,"RSI,MACD,Stochastic,Bollinger bands",,7.47
Decision Tree,"RSI,MACD,Stochastic",,7.47
Decision Tree,"Moving Average,RSI,MACD,Bollinger bands",,4.13
Decision Tree,"Moving Average,RSI,MACD",,4.13
Decision Tree,"Moving Average,RSI,MACD,Stochastic,Bollinger bands",,14.41
Decision Tree,"Moving Average,RSI,MACD,Stochastic",,14.41
Decision Tree Scalar,Bollinger bands,,29.69
Decision Tree Scalar,Stochastic,,8.63
Decision Tree Scalar,"Stochastic,Bollinger bands",,16.06
Decision Tree Scalar,"MACD,Bollinger bands",,-0.16
Decision Tree Scalar,MACD,,10.35
Decision Tree Scalar,"MACD,Stochastic,Bollinger bands",,1.73
Decision Tree Scalar,"MACD,Stochastic",,8.15
Decision Tree Scalar,"RSI,Bollinger bands",,4.35
Decision Tree Scalar,RSI,,4.35
Decision Tree Scalar,"RSI,Stochastic,Bollinger bands",,-4.71
Decision Tree Scalar,"RSI,Stochastic",,-4.71
Decision Tree Scalar,"Moving Average,Bollinger bands",,0.0
Decision Tree Scalar,Moving Average,,0.0
Decision Tree Scalar,"Moving Average,Stochastic,Bollinger bands",,0.0
Decision Tree Scalar,"Moving Average,Stochastic",,0.0
Decision Tree Scalar,"Moving Average,MACD,Bollinger bands",,0.0
Decision Tree Scalar,"Moving Average,MACD",,0.0
Decision Tree Scalar,"Moving Average,MACD,Stochastic,Bollinger bands",,0.0
Decision Tree Scalar,"Moving Average,MACD,Stochastic",,0.0
Decision Tree Scalar,"Moving Average,RSI,Bollinger bands",,6.12
Decision Tree Scalar,"Moving Average,RSI",,6.12
Decision Tree Scalar,"Moving Average,RSI,Stochastic,Bollinger bands",,-1.79
Decision Tree Scalar,"Moving Average,RSI,Stochastic",,-1.79
Decision Tree Scalar,"RSI,MACD,Bollinger bands",,0.59
Decision Tree Scalar,"RSI,MACD",,0.59
Decision Tree Scalar,"RSI,MACD,Stochastic,Bollinger bands",,7.47
Decision Tree Scalar,"RSI,MACD,Stochastic",,7.47
Decision Tree Scalar,"Moving Average,RSI,MACD,Bollinger bands",,4.13
Decision Tree Scalar,"Moving Average,RSI,MACD",,4.13
Decision Tree Scalar,"Moving Average,RSI,MACD,Stochastic,Bollinger bands",,14.41
Decision Tree Scalar,"Moving Average,RSI,MACD,Stochastic",,14.41
Random Forest,Bollinger bands,,6.65
Random Forest,Stochastic,,-2.5
Random Forest,"Stochastic,Bollinger bands",,-2.62
Random Forest,"MACD,Bollinger bands",,-5.58
Random Forest,MACD,,-1.47
Random Forest,"MACD,Stochastic,Bollinger bands",,-2.74
Random Forest,"MACD,Stochastic",,-0.94
Random Forest,"RSI,Bollinger bands",,1.82
Random Forest,RSI,,1.72
Random Forest,"RSI,Stochastic,Bollinger bands",,-4.71
Random Forest,"RSI,Stochastic",,-4.6
Random Forest,"Moving Average,Bollinger bands",,0.0
Random Forest,Moving Average,,0.0
Random Forest,"Moving Average,Stochastic,Bollinger bands",,0.0
Random Forest,"Moving Average,Stochastic",,0.0
Random Forest,"Moving Average,MACD,Bollinger bands",,0.0
Random Forest,"Moving Average,MACD",,0.0
Random Forest,"Moving Average,MACD,Stochastic,Bollinger bands",,0.0
Random Forest,"Moving Average,MACD,Stochastic",,0.0
Random Forest,"Moving Average,RSI,Bollinger bands",,7.45
Random Forest,"Moving Average,RSI",,7.45
Random Forest,"Moving Average,RSI,Stochastic,Bollinger bands",,-7.26
Random Forest,"Moving Average,RSI,Stochastic",,-7.26
Random Forest,"RSI,MACD,Bollinger bands",,0.59
Random Forest,"RSI,MACD",,0.59
Random Forest,"RSI,MACD,Stochastic,Bollinger bands",,7.47
Random Forest,"RSI,MACD,Stochastic",,7.47
Random Forest,"Moving Average,RSI,MACD,Bollinger bands",,4.13
Random Forest,"Moving Average,RSI,MACD",,4.13
Random Forest,"Moving Average,RSI,MACD,Stochastic,Bollinger bands",,14.41
Random Forest,"Moving Average,RSI,MACD,Stochastic",,14.41
Random Forest Scalar,Bollinger bands,,40.88
Random Forest Scalar,Stochastic,,7.18
Random Forest Scalar,"Stochastic,Bollinger bands",,12.29
Random Forest Scalar,"MACD,Bollinger bands",,3.78
Random Forest Scalar,MACD,,1.7
Random Forest Scalar,"MACD,Stochastic,Bollinger bands",,1.73
Random Forest Scalar,"MACD,Stochastic",,2.04
Random Forest Scalar,"RSI,Bollinger bands",,4.35
Random Forest Scalar,RSI,,4.35
Random Forest Scalar,"RSI,Stochastic,Bollinger bands",,-4.71
Random Forest Scalar,"RSI,Stochastic",,-4.71
Random Forest Scalar,"Moving Average,Bollinger bands",,0.0
Random Forest Scalar,Moving Average,,0.0
Random Forest Scalar,"Moving Average,Stochastic,Bollinger bands",,0.0
Random Forest Scalar,"Moving Average,Stochastic",,0.0
Random Forest Scalar,"Moving Average,MACD,Bollinger bands",,0.0
Random Forest Scalar,"Moving Average,MACD",,0.0
Random Forest Scalar,"Moving Average,MACD,Stochastic,Bollinger bands",,0.0
Random Forest Scalar,"Moving Average,MACD,Stochastic",,0.0
Random Forest Scalar,"Moving Average,RSI,Bollinger bands",,0.0
Random Forest Scalar,"Moving Average,RSI",,0.0
Random Forest Scalar,"Moving Average,RSI,Stochastic,Bollinger bands",,-0.52
Random Forest Scalar,"Moving Average,RSI,Stochastic",,-1.88
Random Forest Scalar,"RSI,MACD,Bollinger bands",,0.59
Random Forest Scalar,"RSI,MACD",,0.59
Random Forest Scalar,"RSI,MACD,Stochastic,Bollinger bands",,7.47
Random Forest Scalar,"RSI,MACD,Stochastic",,7.47
Random Forest Scalar,"Moving Average,RSI,MACD,Bollinger bands",,4.13
Random Forest Scalar,"Moving Average,RSI,MACD",,4.13
Random Forest Scalar,"Moving Average,RSI,MACD,Stochastic,Bollinger bands",,14.41
Random Forest Scalar,"Moving Average,RSI,MACD,Stochastic",,14.41
