Version,Strategy,Original,Predicted
log_returns,Bollinger bands,1.68,-13.9
log_returns,Stochastic,60.11,1.91
log_returns,"Stochastic,Bollinger bands",86.54,68.84
log_returns,"MACD,Bollinger bands",23.74,6.19
log_returns,MACD,25.5,15.81
log_returns,"MACD,Stochastic,Bollinger bands",20.23,13.43
log_returns,"MACD,Stochastic",30.91,7.81
log_returns,"RSI,Bollinger bands",4.35,-2.46
log_returns,RSI,4.35,2.08
log_returns,"RSI,Stochastic,Bollinger bands",-4.71,5.46
log_returns,"RSI,Stochastic",-4.71,0.52
log_returns,"Moving Average,Bollinger bands",12.69,-2.12
log_returns,Moving Average,16.1,-1.85
log_returns,"Moving Average,Stochastic,Bollinger bands",11.68,3.56
log_returns,"Moving Average,Stochastic",11.51,3.35
log_returns,"Moving Average,MACD,Bollinger bands",-8.3,-3.12
log_returns,"Moving Average,MACD",-8.36,-7.97
log_returns,"Moving Average,MACD,Stochastic,Bollinger bands",14.52,17.14
log_returns,"Moving Average,MACD,Stochastic",14.32,4.34
log_returns,"Moving Average,RSI,Bollinger bands",5.77,2.12
log_returns,"Moving Average,RSI",5.77,-1.38
log_returns,"Moving Average,RSI,Stochastic,Bollinger bands",-8.56,-0.98
log_returns,"Moving Average,RSI,Stochastic",-8.56,-5.51
log_returns,"RSI,MACD,Bollinger bands",0.59,0.4
log_returns,"RSI,MACD",0.59,21.12
log_returns,"RSI,MACD,Stochastic,Bollinger bands",7.47,3.7
log_returns,"RSI,MACD,Stochastic",7.47,3.43
log_returns,"Moving Average,RSI,MACD,Bollinger bands",4.13,0.0
log_returns,"Moving Average,RSI,MACD",4.13,0.24
log_returns,"Moving Average,RSI,MACD,Stochastic,Bollinger bands",14.41,-3.67
log_returns,"Moving Average,RSI,MACD,Stochastic",14.41,-2.9
moving_averages,Bollinger bands,-0.2,0.34
moving_averages,Stochastic,57.88,12.8
moving_averages,"Stochastic,Bollinger bands",87.04,12.25
moving_averages,"MACD,Bollinger bands",22.02,7.36
moving_averages,MACD,15.49,5.95
moving_averages,"MACD,Stochastic,Bollinger bands",13.75,3.93
moving_averages,"MACD,Stochastic",21.08,4.23
moving_averages,"RSI,Bollinger bands",-0.8,-5.8
moving_averages,RSI,-0.8,-1.97
moving_averages,"RSI,Stochastic,Bollinger bands",0.67,-11.16
moving_averages,"RSI,Stochastic",0.67,-8.67
moving_averages,"Moving Average,Bollinger bands",6.56,6.62
moving_averages,Moving Average,10.36,9.44
moving_averages,"Moving Average,Stochastic,Bollinger bands",17.15,13.07
moving_averages,"Moving Average,Stochastic",16.97,3.62
moving_averages,"Moving Average,MACD,Bollinger bands",-9.89,-1.91
moving_averages,"Moving Average,MACD",-10.06,-5.82
moving_averages,"Moving Average,MACD,Stochastic,Bollinger bands",11.88,0.68
moving_averages,"Moving Average,MACD,Stochastic",11.68,-3.23
moving_averages,"Moving Average,RSI,Bollinger bands",12.09,6.57
moving_averages,"Moving Average,RSI",12.09,-3.08
moving_averages,"Moving Average,RSI,Stochastic,Bollinger bands",-5.18,4.95
moving_averages,"Moving Average,RSI,Stochastic",-5.18,3.57
moving_averages,"RSI,MACD,Bollinger bands",-0.72,2.06
moving_averages,"RSI,MACD",-0.72,10.06
moving_averages,"RSI,MACD,Stochastic,Bollinger bands",-2.95,-0.82
moving_averages,"RSI,MACD,Stochastic",-2.95,-2.58
moving_averages,"Moving Average,RSI,MACD,Bollinger bands",-10.19,0.77
moving_averages,"Moving Average,RSI,MACD",-10.19,12.52
moving_averages,"Moving Average,RSI,MACD,Stochastic,Bollinger bands",,
moving_averages,"Moving Average,RSI,MACD,Stochastic",,
non_normalized,Bollinger bands,1.68,0.63
non_normalized,Stochastic,60.11,4.02
non_normalized,"Stochastic,Bollinger bands",86.54,9.28
non_normalized,"MACD,Bollinger bands",23.74,3.32
non_normalized,MACD,25.5,0.14
non_normalized,"MACD,Stochastic,Bollinger bands",20.23,4.6
non_normalized,"MACD,Stochastic",30.91,1.8
non_normalized,"RSI,Bollinger bands",4.35,-6.69
non_normalized,RSI,4.35,-6.57
non_normalized,"RSI,Stochastic,Bollinger bands",-4.71,8.17
non_normalized,"RSI,Stochastic",-4.71,0.68
non_normalized,"Moving Average,Bollinger bands",12.69,-0.27
non_normalized,Moving Average,16.1,2.74
non_normalized,"Moving Average,Stochastic,Bollinger bands",11.68,-6.31
non_normalized,"Moving Average,Stochastic",11.51,1.17
non_normalized,"Moving Average,MACD,Bollinger bands",-8.3,-1.71
non_normalized,"Moving Average,MACD",-8.36,-9.62
non_normalized,"Moving Average,MACD,Stochastic,Bollinger bands",14.52,1.99
non_normalized,"Moving Average,MACD,Stochastic",14.32,1.19
non_normalized,"Moving Average,RSI,Bollinger bands",5.77,-0.41
non_normalized,"Moving Average,RSI",5.77,-1.59
non_normalized,"Moving Average,RSI,Stochastic,Bollinger bands",-8.56,-1.56
non_normalized,"Moving Average,RSI,Stochastic",-8.56,3.57
non_normalized,"RSI,MACD,Bollinger bands",0.59,5.22
non_normalized,"RSI,MACD",0.59,-12.4
non_normalized,"RSI,MACD,Stochastic,Bollinger bands",7.47,-7.96
non_normalized,"RSI,MACD,Stochastic",7.47,-7.72
non_normalized,"Moving Average,RSI,MACD,Bollinger bands",4.13,-2.09
non_normalized,"Moving Average,RSI,MACD",4.13,-1.56
non_normalized,"Moving Average,RSI,MACD,Stochastic,Bollinger bands",14.41,15.43
non_normalized,"Moving Average,RSI,MACD,Stochastic",14.41,12.44
normalized,Bollinger bands,1.68,7.42
normalized,Stochastic,60.11,60.39
normalized,"Stochastic,Bollinger bands",86.54,11.22
normalized,"MACD,Bollinger bands",23.74,-4.47
normalized,MACD,25.5,16.81
normalized,"MACD,Stochastic,Bollinger bands",20.23,-4.3
normalized,"MACD,Stochastic",30.91,7.25
normalized,"RSI,Bollinger bands",4.35,-0.96
normalized,RSI,4.35,11.94
normalized,"RSI,Stochastic,Bollinger bands",-4.71,5.14
normalized,"RSI,Stochastic",-4.71,0.25
normalized,"Moving Average,Bollinger bands",12.69,-0.0
normalized,Moving Average,16.1,-2.54
normalized,"Moving Average,Stochastic,Bollinger bands",11.68,10.93
normalized,"Moving Average,Stochastic",11.51,1.88
normalized,"Moving Average,MACD,Bollinger bands",-8.3,1.38
normalized,"Moving Average,MACD",-8.36,-11.32
normalized,"Moving Average,MACD,Stochastic,Bollinger bands",14.52,2.84
normalized,"Moving Average,MACD,Stochastic",14.32,4.83
normalized,"Moving Average,RSI,Bollinger bands",5.77,5.07
normalized,"Moving Average,RSI",5.77,7.83
normalized,"Moving Average,RSI,Stochastic,Bollinger bands",-8.56,0.21
normalized,"Moving Average,RSI,Stochastic",-8.56,0.45
normalized,"RSI,MACD,Bollinger bands",0.59,3.07
normalized,"RSI,MACD",0.59,0.0
normalized,"RSI,MACD,Stochastic,Bollinger bands",7.47,8.05
normalized,"RSI,MACD,Stochastic",7.47,3.43
normalized,"Moving Average,RSI,MACD,Bollinger bands",4.13,1.8
normalized,"Moving Average,RSI,MACD",4.13,0.0
normalized,"Moving Average,RSI,MACD,Stochastic,Bollinger bands",14.41,-3.67
normalized,"Moving Average,RSI,MACD,Stochastic",14.41,-3.67
percentage_change,Bollinger bands,1.68,7.32
percentage_change,Stochastic,60.11,52.68
percentage_change,"Stochastic,Bollinger bands",86.54,6.29
percentage_change,"MACD,Bollinger bands",23.74,3.82
percentage_change,MACD,25.5,10.74
percentage_change,"MACD,Stochastic,Bollinger bands",20.23,2.7
percentage_change,"MACD,Stochastic",30.91,1.18
percentage_change,"RSI,Bollinger bands",4.35,10.84
percentage_change,RSI,4.35,11.62
percentage_change,"RSI,Stochastic,Bollinger bands",-4.71,3.93
percentage_change,"RSI,Stochastic",-4.71,-1.57
percentage_change,"Moving Average,Bollinger bands",12.69,0.22
percentage_change,Moving Average,16.1,0.47
percentage_change,"Moving Average,Stochastic,Bollinger bands",11.68,5.99
percentage_change,"Moving Average,Stochastic",11.51,9.78
percentage_change,"Moving Average,MACD,Bollinger bands",-8.3,-3.17
percentage_change,"Moving Average,MACD",-8.36,8.88
percentage_change,"Moving Average,MACD,Stochastic,Bollinger bands",14.52,-6.67
percentage_change,"Moving Average,MACD,Stochastic",14.32,-1.37
percentage_change,"Moving Average,RSI,Bollinger bands",5.77,4.51
percentage_change,"Moving Average,RSI",5.77,-6.49
percentage_change,"Moving Average,RSI,Stochastic,Bollinger bands",-8.56,-0.48
percentage_change,"Moving Average,RSI,Stochastic",-8.56,0.78
percentage_change,"RSI,MACD,Bollinger bands",0.59,14.86
percentage_change,"RSI,MACD",0.59,0.35
percentage_change,"RSI,MACD,Stochastic,Bollinger bands",7.47,2.59
percentage_change,"RSI,MACD,Stochastic",7.47,9.49
percentage_change,"Moving Average,RSI,MACD,Bollinger bands",4.13,0.53
percentage_change,"Moving Average,RSI,MACD",4.13,-1.49
percentage_change,"Moving Average,RSI,MACD,Stochastic,Bollinger bands",14.41,-3.91
percentage_change,"Moving Average,RSI,MACD,Stochastic",14.41,-3.67
standardized,Bollinger bands,1.68,2.97
standardized,Stochastic,60.11,-5.18
standardized,"Stochastic,Bollinger bands",86.54,11.47
standardized,"MACD,Bollinger bands",23.74,1.72
standardized,MACD,25.5,-1.35
standardized,"MACD,Stochastic,Bollinger bands",20.23,1.34
standardized,"MACD,Stochastic",30.91,-1.09
standardized,"RSI,Bollinger bands",4.35,-8.77
standardized,RSI,4.35,-0.21
standardized,"RSI,Stochastic,Bollinger bands",-4.71,5.31
standardized,"RSI,Stochastic",-4.71,2.67
standardized,"Moving Average,Bollinger bands",12.69,1.92
standardized,Moving Average,16.1,-1.97
standardized,"Moving Average,Stochastic,Bollinger bands",11.68,12.76
standardized,"Moving Average,Stochastic",11.51,2.18
standardized,"Moving Average,MACD,Bollinger bands",-8.3,-5.02
standardized,"Moving Average,MACD",-8.36,1.54
standardized,"Moving Average,MACD,Stochastic,Bollinger bands",14.52,3.63
standardized,"Moving Average,MACD,Stochastic",14.32,-5.78
standardized,"Moving Average,RSI,Bollinger bands",5.77,-3.63
standardized,"Moving Average,RSI",5.77,-3.63
standardized,"Moving Average,RSI,Stochastic,Bollinger bands",-8.56,-5.72
standardized,"Moving Average,RSI,Stochastic",-8.56,3.46
standardized,"RSI,MACD,Bollinger bands",0.59,-2.06
standardized,"RSI,MACD",0.59,-3.72
standardized,"RSI,MACD,Stochastic,Bollinger bands",7.47,-7.72
standardized,"RSI,MACD,Stochastic",7.47,-2.52
standardized,"Moving Average,RSI,MACD,Bollinger bands",4.13,0.46
standardized,"Moving Average,RSI,MACD",4.13,-1.85
standardized,"Moving Average,RSI,MACD,Stochastic,Bollinger bands",14.41,10.66
standardized,"Moving Average,RSI,MACD,Stochastic",14.41,15.43
technical_indicators,Bollinger bands,8.79,28.41
technical_indicators,Stochastic,54.68,49.72
technical_indicators,"Stochastic,Bollinger bands",84.7,66.43
technical_indicators,"MACD,Bollinger bands",22.03,28.09
technical_indicators,MACD,15.32,19.3
technical_indicators,"MACD,Stochastic,Bollinger bands",18.5,22.37
technical_indicators,"MACD,Stochastic",22.83,31.02
technical_indicators,"RSI,Bollinger bands",-2.93,2.44
technical_indicators,RSI,-2.93,-6.67
technical_indicators,"RSI,Stochastic,Bollinger bands",-9.05,2.69
technical_indicators,"RSI,Stochastic",-9.05,-2.37
technical_indicators,"Moving Average,Bollinger bands",-0.04,10.25
technical_indicators,Moving Average,11.06,14.56
technical_indicators,"Moving Average,Stochastic,Bollinger bands",11.39,24.37
technical_indicators,"Moving Average,Stochastic",11.19,25.73
technical_indicators,"Moving Average,MACD,Bollinger bands",-14.75,-0.46
technical_indicators,"Moving Average,MACD",-14.91,3.92
technical_indicators,"Moving Average,MACD,Stochastic,Bollinger bands",11.42,16.76
technical_indicators,"Moving Average,MACD,Stochastic",11.22,13.95
technical_indicators,"Moving Average,RSI,Bollinger bands",2.88,-1.66
technical_indicators,"Moving Average,RSI",2.88,2.38
technical_indicators,"Moving Average,RSI,Stochastic,Bollinger bands",-13.98,-8.96
technical_indicators,"Moving Average,RSI,Stochastic",-13.98,-7.19
technical_indicators,"RSI,MACD,Bollinger bands",9.12,4.37
technical_indicators,"RSI,MACD",9.12,6.48
technical_indicators,"RSI,MACD,Stochastic,Bollinger bands",-1.81,-6.03
technical_indicators,"RSI,MACD,Stochastic",-1.81,1.62
technical_indicators,"Moving Average,RSI,MACD,Bollinger bands",6.09,-3.39
technical_indicators,"Moving Average,RSI,MACD",6.09,-3.39
technical_indicators,"Moving Average,RSI,MACD,Stochastic,Bollinger bands",3.2,0.0
technical_indicators,"Moving Average,RSI,MACD,Stochastic",3.2,0.0
technical_indicators_v2,Bollinger bands,8.79,42.0
technical_indicators_v2,Stochastic,54.68,43.94
technical_indicators_v2,"Stochastic,Bollinger bands",84.7,61.83
technical_indicators_v2,"MACD,Bollinger bands",22.03,22.78
technical_indicators_v2,MACD,15.32,26.01
technical_indicators_v2,"MACD,Stochastic,Bollinger bands",18.5,9.52
technical_indicators_v2,"MACD,Stochastic",22.83,27.5
technical_indicators_v2,"RSI,Bollinger bands",-2.93,0.4
technical_indicators_v2,RSI,-2.93,-0.38
technical_indicators_v2,"RSI,Stochastic,Bollinger bands",-9.05,-9.2
technical_indicators_v2,"RSI,Stochastic",-9.05,-4.44
technical_indicators_v2,"Moving Average,Bollinger bands",-0.04,3.38
technical_indicators_v2,Moving Average,11.06,16.56
technical_indicators_v2,"Moving Average,Stochastic,Bollinger bands",11.39,24.71
technical_indicators_v2,"Moving Average,Stochastic",11.19,13.3
technical_indicators_v2,"Moving Average,MACD,Bollinger bands",-14.75,3.59
technical_indicators_v2,"Moving Average,MACD",-14.91,-0.88
technical_indicators_v2,"Moving Average,MACD,Stochastic,Bollinger bands",11.42,17.33
technical_indicators_v2,"Moving Average,MACD,Stochastic",11.22,23.51
technical_indicators_v2,"Moving Average,RSI,Bollinger bands",2.88,3.78
technical_indicators_v2,"Moving Average,RSI",2.88,3.0
technical_indicators_v2,"Moving Average,RSI,Stochastic,Bollinger bands",-13.98,-10.6
technical_indicators_v2,"Moving Average,RSI,Stochastic",-13.98,-7.8
technical_indicators_v2,"RSI,MACD,Bollinger bands",9.12,3.97
technical_indicators_v2,"RSI,MACD",9.12,13.57
technical_indicators_v2,"RSI,MACD,Stochastic,Bollinger bands",-1.81,2.83
technical_indicators_v2,"RSI,MACD,Stochastic",-1.81,2.83
technical_indicators_v2,"Moving Average,RSI,MACD,Bollinger bands",6.09,-3.39
technical_indicators_v2,"Moving Average,RSI,MACD",6.09,-3.39
technical_indicators_v2,"Moving Average,RSI,MACD,Stochastic,Bollinger bands",3.2,0.0
technical_indicators_v2,"Moving Average,RSI,MACD,Stochastic",3.2,0.0
